Region,Date,Frequency,Estimated Unemployment Rate (%),Estimated Employed,Estimated Labour Participation Rate (%),Area
Andhra Pradesh,31-01-2019,Monthly,6.85,23509085,47.87,Rural
Andhra Pradesh,28-02-2019,Monthly,7.14,23470856,45.35,Rural
Andhra Pradesh,31-03-2019,Monthly,6.69,23436655,43.91,Rural
Andhra Pradesh,30-04-2019,Monthly,6.39,23532529,45.09,Rural
Andhra Pradesh,31-05-2019,Monthly,8.91,23361095,46.06,Rural
Andhra Pradesh,30-06-2019,Monthly,5.05,23656580,45.36,Rural
Andhra Pradesh,31-07-2019,Monthly,5.4,23610670,45.26,Rural
Andhra Pradesh,31-08-2019,Monthly,8.98,23340658,45.97,Rural
Andhra Pradesh,30-09-2019,Monthly,9.09,23298374,46.23,Rural
Andhra Pradesh,31-10-2019,Monthly,4.15,23726240,47.04,Rural
Andhra Pradesh,30-11-2019,Monthly,7.71,23443780,44.21,Rural
Andhra Pradesh,31-12-2019,Monthly,6.61,23470748,44.92,Rural
Andhra Pradesh,31-01-2020,Monthly,7.57,23449667,45.17,Rural
Andhra Pradesh,29-02-2020,Monthly,6.88,23547737,47.05,Rural
Andhra Pradesh,31-03-2020,Monthly,17.45,22741677,46.38,Rural
Andhra Pradesh,30-04-2020,Monthly,21.02,22491058,45.49,Rural
Andhra Pradesh,31-05-2020,Monthly,16.54,22890509,45.89,Rural
Andhra Pradesh,30-06-2020,Monthly,15.1,22975087,46.93,Rural
Andhra Pradesh,31-07-2020,Monthly,9.61,23400186,42.84,Rural
Andhra Pradesh,31-08-2020,Monthly,9.02,23293522,47.23,Rural
Andhra Pradesh,30-09-2020,Monthly,9.15,23372949,47.75,Rural
Andhra Pradesh,31-10-2020,Monthly,7.72,23447507,45.47,Rural
Andhra Pradesh,30-11-2020,Monthly,9.63,23336950,45.34,Rural
Andhra Pradesh,31-01-2019,Monthly,13.23,10614863,46.72,Urban
Andhra Pradesh,28-02-2019,Monthly,12.14,10671633,43.93,Urban
Andhra Pradesh,31-03-2019,Monthly,10.73,10716006,46.15,Urban
Andhra Pradesh,30-04-2019,Monthly,12.94,10558498,45.98,Urban
Andhra Pradesh,31-05-2019,Monthly,14.82,10501127,47.08,Urban
Andhra Pradesh,30-06-2019,Monthly,10.57,10716835,46.32,Urban
Andhra Pradesh,31-07-2019,Monthly,10.41,10734170,47.47,Urban
Andhra Pradesh,31-08-2019,Monthly,10.46,10741756,48.03,Urban
Andhra Pradesh,30-09-2019,Monthly,10.29,10787332,46.02,Urban
Andhra Pradesh,31-10-2019,Monthly,12.81,10733556,46.05,Urban
Andhra Pradesh,30-11-2019,Monthly,12.38,10628719,46.43,Urban
Andhra Pradesh,31-12-2019,Monthly,12.17,10728912,47.12,Urban
Andhra Pradesh,31-01-2020,Monthly,9.68,10714960,47.68,Urban
Andhra Pradesh,29-02-2020,Monthly,12.71,10659219,46.65,Urban
Andhra Pradesh,31-03-2020,Monthly,20.24,10457416,45.63,Urban
Andhra Pradesh,30-04-2020,Monthly,42.94,9788460,46.72,Urban
Andhra Pradesh,31-05-2020,Monthly,,10047125,48.05,Urban
Andhra Pradesh,30-06-2020,Monthly,26.53,10164112,47.85,Urban
Andhra Pradesh,31-07-2020,Monthly,14.55,10620702,46.25,Urban
Andhra Pradesh,31-08-2020,Monthly,12.54,10612080,48.37,Urban
Andhra Pradesh,30-09-2020,Monthly,15.49,10526041,48.06,Urban
Andhra Pradesh,31-10-2020,Monthly,15.22,10647177,47.62,Urban
Andhra Pradesh,30-11-2020,Monthly,16.83,10517923,46.21,Urban
Assam,31-01-2019,Monthly,6.34,9733238,49.61,Rural
Assam,28-02-2019,Monthly,8.44,9559316,49.55,Rural
Assam,31-03-2019,Monthly,4.92,9758090,49.33,Rural
Assam,30-04-2019,Monthly,6.3,9686858,50.48,Rural
Assam,31-05-2019,Monthly,5.71,9634809,49.06,Rural
Assam,30-06-2019,Monthly,6.8,9713750,49.71,Rural
Assam,31-07-2019,Monthly,5.16,9734539,49.67,Rural
Assam,31-08-2019,Monthly,5.1,9772254,50.87,Rural
Assam,30-09-2019,Monthly,4.43,9701599,50.21,Rural
Assam,31-10-2019,Monthly,7.57,9656619,50.64,Rural
Assam,30-11-2019,Monthly,6.98,9729688,50.74,Rural
Assam,31-12-2019,Monthly,7.81,9590681,47.79,Rural
Assam,31-01-2020,Monthly,4.65,9746063,52.37,Rural
Assam,29-02-2020,Monthly,2.93,9772222,49.69,Rural
Assam,31-03-2020,Monthly,10.59,9620359,49.67,Rural
Assam,30-04-2020,Monthly,20.34,9304406,48.07,Rural
Assam,31-05-2020,Monthly,11.71,9500135,52.17,Rural
Assam,30-06-2020,Monthly,17.3,9367788,50.13,Rural
Assam,31-07-2020,Monthly,6.73,9722941,48.64,Rural
Assam,31-08-2020,Monthly,6.64,9644396,51.59,Rural
Assam,30-09-2020,Monthly,6.55,9652988,51.71,Rural
Assam,31-10-2020,Monthly,9.36,9621233,51.58,Rural
Assam,30-11-2020,Monthly,6.33,9667963,51.12,Rural
Assam,31-01-2019,Monthly,2.49,4727864,36.62,Urban
Assam,28-02-2019,Monthly,4.05,4636855,34.14,Urban
Assam,31-03-2019,Monthly,3.88,4767523,33.97,Urban
Assam,30-04-2019,Monthly,4.09,4659633,35.76,Urban
Assam,31-05-2019,Monthly,8.08,4577090,36.24,Urban
Assam,30-06-2019,Monthly,3.28,4697482,36.47,Urban
Assam,31-07-2019,Monthly,4.4,4757808,34.2,Urban
Assam,31-08-2019,Monthly,5.09,4672241,36.22,Urban
Assam,30-09-2019,Monthly,4.45,4691845,34.94,Urban
Assam,31-10-2019,Monthly,4.91,4648026,34.94,Urban
Assam,30-11-2019,Monthly,3.82,4731736,36.06,Urban
Assam,31-12-2019,Monthly,3.46,4735714,36.35,Urban
Assam,31-01-2020,Monthly,3.43,4691258,35.83,Urban
Assam,29-02-2020,Monthly,2.95,4757227,37.55,Urban
Assam,31-03-2020,Monthly,10.47,4657445,35.72,Urban
Assam,30-04-2020,Monthly,11.07,4626336,35.36,Urban
Assam,31-05-2020,Monthly,11.18,4586923,36.4,Urban
Assam,30-06-2020,Monthly,7.84,4607240,37.14,Urban
Assam,31-07-2020,Monthly,4.28,4711420,36.44,Urban
Assam,31-08-2020,Monthly,3.67,4688449,33.18,Urban
Assam,30-09-2020,Monthly,9.01,4571663,35.3,Urban
Assam,31-10-2020,Monthly,5.74,4727342,35.17,Urban
Assam,30-11-2020,Monthly,6.52,4624801,35.97,Urban
Bihar,31-01-2019,Monthly,3.42,24468360,40.99,Rural
Bihar,28-02-2019,Monthly,6.79,24213868,40.61,Rural
Bihar,31-03-2019,Monthly,5.12,24311534,41.24,Rural
Bihar,30-04-2019,Monthly,7.63,24094377,39.6,Rural
Bihar,31-05-2019,Monthly,5.53,24323104,40.73,Rural
Bihar,30-06-2019,Monthly,4.18,24536430,41.1,Rural
Bihar,31-07-2019,Monthly,8.18,24087481,41.66,Rural
Bihar,31-08-2019,Monthly,4.32,24406707,41.79,Rural
Bihar,30-09-2019,Monthly,3.59,24436449,38.07,Rural
Bihar,31-10-2019,Monthly,4.01,24339620,41.05,Rural
Bihar,30-11-2019,Monthly,3.77,24477659,39.03,Rural
Bihar,31-12-2019,Monthly,8.03,24133298,40.28,Rural
Bihar,31-01-2020,Monthly,2.54,24612021,40.48,Rural
Bihar,29-02-2020,Monthly,6.42,24251006,40.55,Rural
Bihar,31-03-2020,Monthly,13.28,23749786,40.07,Rural
Bihar,30-04-2020,Monthly,15.02,23549902,41.26,Rural
Bihar,31-05-2020,Monthly,9.89,24062853,41.01,Rural
Bihar,30-06-2020,Monthly,10.22,23980227,42.48,Rural
Bihar,31-07-2020,Monthly,10.23,24061509,40.32,Rural
Bihar,31-08-2020,Monthly,6.92,24293791,41.67,Rural
Bihar,30-09-2020,Monthly,7.23,24108400,39.19,Rural
Bihar,31-10-2020,Monthly,4.2,24431165,38.01,Rural
Bihar,30-11-2020,Monthly,9.42,23964837,38.57,Rural
Bihar,31-01-2019,Monthly,7.2,17252934,43.19,Urban
Bihar,28-02-2019,Monthly,5.04,17457240,43.29,Urban
Bihar,31-03-2019,Monthly,7.18,17269933,42.99,Urban
Bihar,30-04-2019,Monthly,5.74,17367734,40.67,Urban
Bihar,31-05-2019,Monthly,7.07,17423297,42.43,Urban
Bihar,30-06-2019,Monthly,7.38,17368831,43.41,Urban
Bihar,31-07-2019,Monthly,7.31,17285791,41.7,Urban
Bihar,31-08-2019,Monthly,10.94,17104022,41.64,Urban
Bihar,30-09-2019,Monthly,4.95,17466464,42.76,Urban
Bihar,31-10-2019,Monthly,6.24,17373109,44.22,Urban
Bihar,30-11-2019,Monthly,3.4,17482126,40.68,Urban
Bihar,31-12-2019,Monthly,4.98,17403324,41.46,Urban
Bihar,31-01-2020,Monthly,8.05,17357378,43.45,Urban
Bihar,29-02-2020,Monthly,7.03,17327020,45.24,Urban
Bihar,31-03-2020,Monthly,22.2,16469773,42.16,Urban
Bihar,30-04-2020,Monthly,22.89,16419513,40.09,Urban
Bihar,31-05-2020,Monthly,24.31,16339663,43.06,Urban
Bihar,30-06-2020,Monthly,14.06,16922582,41.93,Urban
Bihar,31-07-2020,Monthly,8.91,17229780,41.39,Urban
Bihar,31-08-2020,Monthly,,17133367,42.67,Urban
Bihar,30-09-2020,Monthly,9.84,17203016,41.22,Urban
Bihar,31-10-2020,Monthly,15.07,16981230,43.51,Urban
Bihar,30-11-2020,Monthly,8.02,17236451,40.22,Urban
Chhattisgarh,31-01-2019,Monthly,9.29,9490649,36.64,Rural
Chhattisgarh,28-02-2019,Monthly,6.32,9654045,36.23,Rural
Chhattisgarh,31-03-2019,Monthly,8.69,9562607,37.73,Rural
Chhattisgarh,30-04-2019,Monthly,7.0,9605215,39.64,Rural
Chhattisgarh,31-05-2019,Monthly,8.71,9580709,37.17,Rural
Chhattisgarh,30-06-2019,Monthly,8.21,9630035,38.62,Rural
Chhattisgarh,31-07-2019,Monthly,9.39,9550177,36.14,Rural
Chhattisgarh,31-08-2019,Monthly,6.6,9680374,37.96,Rural
Chhattisgarh,30-09-2019,Monthly,9.42,9553583,38.16,Rural
Chhattisgarh,31-10-2019,Monthly,7.3,9598698,34.05,Rural
Chhattisgarh,30-11-2019,Monthly,7.61,9707182,37.11,Rural
Chhattisgarh,31-12-2019,Monthly,7.45,9672708,36.84,Rural
Chhattisgarh,31-01-2020,Monthly,6.14,9723978,37.13,Rural
Chhattisgarh,29-02-2020,Monthly,7.73,9668111,36.82,Rural
Chhattisgarh,31-03-2020,Monthly,21.45,9171971,37.72,Rural
Chhattisgarh,30-04-2020,Monthly,16.94,9423197,37.2,Rural
Chhattisgarh,31-05-2020,Monthly,24.55,9097374,36.4,Rural
Chhattisgarh,30-06-2020,Monthly,20.75,9213774,36.06,Rural
Chhattisgarh,31-07-2020,Monthly,13.08,9529533,37.22,Rural
Chhattisgarh,31-08-2020,Monthly,12.7,9420059,36.11,Rural
Chhattisgarh,30-09-2020,Monthly,9.86,9631687,37.51,Rural
Chhattisgarh,31-10-2020,Monthly,9.4,9579502,39.89,Rural
Chhattisgarh,30-11-2020,Monthly,11.5,9544720,37.3,Rural
Chhattisgarh,31-01-2019,Monthly,10.3,5204343,43.03,Urban
Chhattisgarh,28-02-2019,Monthly,10.78,5156122,46.69,Urban
Chhattisgarh,31-03-2019,Monthly,10.15,5119163,43.13,Urban
Chhattisgarh,30-04-2019,Monthly,11.81,4984691,43.37,Urban
Chhattisgarh,31-05-2019,Monthly,10.16,5110115,45.65,Urban
Chhattisgarh,30-06-2019,Monthly,7.17,5166887,43.64,Urban
Chhattisgarh,31-07-2019,Monthly,7.44,5158508,44.48,Urban
Chhattisgarh,31-08-2019,Monthly,8.37,5181135,42.69,Urban
Chhattisgarh,30-09-2019,Monthly,10.85,5244626,43.72,Urban
Chhattisgarh,31-10-2019,Monthly,7.23,5207101,43.51,Urban
Chhattisgarh,30-11-2019,Monthly,8.99,5143828,42.99,Urban
Chhattisgarh,31-12-2019,Monthly,11.93,4965857,41.15,Urban
Chhattisgarh,31-01-2020,Monthly,7.97,5144513,43.2,Urban
Chhattisgarh,29-02-2020,Monthly,10.48,5148216,44.64,Urban
Chhattisgarh,31-03-2020,Monthly,20.13,5015522,45.17,Urban
Chhattisgarh,30-04-2020,Monthly,20.66,4923914,43.76,Urban
Chhattisgarh,31-05-2020,Monthly,19.26,4921433,44.5,Urban
Chhattisgarh,30-06-2020,Monthly,19.76,4927587,43.93,Urban
Chhattisgarh,31-07-2020,Monthly,12.92,5029066,44.38,Urban
Chhattisgarh,31-08-2020,Monthly,9.53,5225133,42.15,Urban
Chhattisgarh,30-09-2020,Monthly,11.23,5032098,44.37,Urban
Chhattisgarh,31-10-2020,Monthly,15.51,4933537,41.54,Urban
Chhattisgarh,30-11-2020,Monthly,14.39,5032553,44.12,Urban
Delhi,31-01-2019,Monthly,11.39,14241816,48.79,Rural
Delhi,28-02-2019,Monthly,8.82,14327232,47.92,Rural
Delhi,31-03-2019,Monthly,12.08,14231512,47.77,Rural
Delhi,30-04-2019,Monthly,8.2,14304328,49.08,Rural
Delhi,31-05-2019,Monthly,,14211658,48.73,Rural
Delhi,30-06-2019,Monthly,12.75,14134301,49.03,Rural
Delhi,31-07-2019,Monthly,9.55,14262097,47.67,Rural
Delhi,31-08-2019,Monthly,9.89,14293631,48.66,Rural
Delhi,30-09-2019,Monthly,10.37,14219461,47.31,Rural
Delhi,31-10-2019,Monthly,9.64,14350792,46.31,Rural
Delhi,30-11-2019,Monthly,11.61,14244171,47.39,Rural
Delhi,31-12-2019,Monthly,10.46,14316190,46.6,Rural
Delhi,31-01-2020,Monthly,13.31,14154908,49.8,Rural
Delhi,29-02-2020,Monthly,8.6,14377101,48.02,Rural
Delhi,31-03-2020,Monthly,25.27,13721153,49.27,Rural
Delhi,30-04-2020,Monthly,38.99,12969088,49.53,Rural
Delhi,31-05-2020,Monthly,26.37,13569484,48.33,Rural
Delhi,30-06-2020,Monthly,23.07,13781100,48.56,Rural
Delhi,31-07-2020,Monthly,16.89,14055350,49.42,Rural
Delhi,31-08-2020,Monthly,14.1,14048429,48.35,Rural
Delhi,30-09-2020,Monthly,18.09,13958600,48.74,Rural
Delhi,31-10-2020,Monthly,15.14,14101073,48.16,Rural
Delhi,30-11-2020,Monthly,17.3,14017245,48.45,Rural
Delhi,31-01-2019,Monthly,6.79,15097622,35.18,Urban
Delhi,28-02-2019,Monthly,4.16,15305015,35.24,Urban
Delhi,31-03-2019,Monthly,6.39,15210216,35.79,Urban
Delhi,30-04-2019,Monthly,7.5,15100624,33.94,Urban
Delhi,31-05-2019,Monthly,6.5,15136888,36.83,Urban
Delhi,30-06-2019,Monthly,9.25,14971274,34.94,Urban
Delhi,31-07-2019,Monthly,3.08,15268849,37.3,Urban
Delhi,31-08-2019,Monthly,5.09,15237741,35.19,Urban
Delhi,30-09-2019,Monthly,4.93,15155260,34.63,Urban
Delhi,31-10-2019,Monthly,2.75,15246034,34.27,Urban
Delhi,30-11-2019,Monthly,8.46,15091240,35.3,Urban
Delhi,31-12-2019,Monthly,10.89,14896317,36.96,Urban
Delhi,31-01-2020,Monthly,9.01,14984671,34.92,Urban
Delhi,29-02-2020,Monthly,6.84,15085888,34.96,Urban
Delhi,31-03-2020,Monthly,19.16,14617626,34.87,Urban
Delhi,30-04-2020,Monthly,23.14,14343494,34.71,Urban
Delhi,31-05-2020,Monthly,14.96,14818441,37.71,Urban
Delhi,30-06-2020,Monthly,11.97,14908696,36.21,Urban
Delhi,31-07-2020,Monthly,10.64,14932240,34.6,Urban
Delhi,31-08-2020,Monthly,9.76,14934298,34.55,Urban
Delhi,30-09-2020,Monthly,7.92,15041146,35.82,Urban
Delhi,31-10-2020,Monthly,4.78,15168901,37.0,Urban
Delhi,30-11-2020,Monthly,8.86,15057598,37.77,Urban
Goa,31-01-2019,Monthly,7.66,22079245,48.24,Rural
Goa,28-02-2019,Monthly,8.11,21990948,47.54,Rural
Goa,31-03-2019,Monthly,6.59,22133675,48.41,Rural
Goa,30-04-2019,Monthly,4.29,22303002,47.44,Rural
Goa,31-05-2019,Monthly,6.44,22138818,45.33,Rural
Goa,30-06-2019,Monthly,7.5,22139472,47.22,Rural
Goa,31-07-2019,Monthly,5.79,22259386,46.85,Rural
Goa,31-08-2019,Monthly,6.8,22120895,47.45,Rural
Goa,30-09-2019,Monthly,6.95,22050635,47.12,Rural
Goa,31-10-2019,Monthly,4.8,22223547,47.11,Rural
Goa,30-11-2019,Monthly,5.98,22186507,48.84,Rural
Goa,31-12-2019,Monthly,6.38,22055510,46.47,Rural
Goa,31-01-2020,Monthly,4.88,22132196,47.49,Rural
Goa,29-02-2020,Monthly,5.74,22239992,48.53,Rural
Goa,31-03-2020,Monthly,14.03,21617560,49.18,Rural
Goa,30-04-2020,Monthly,16.29,21514371,46.71,Rural
Goa,31-05-2020,Monthly,10.86,21909372,46.86,Rural
Goa,30-06-2020,Monthly,19.85,21241884,46.69,Rural
Goa,31-07-2020,Monthly,9.99,21918484,47.73,Rural
Goa,31-08-2020,Monthly,9.15,22015441,47.55,Rural
Goa,30-09-2020,Monthly,7.21,22174401,46.91,Rural
Goa,31-10-2020,Monthly,4.8,22167984,47.64,Rural
Goa,30-11-2020,Monthly,8.53,21900489,46.42,Rural
Goa,31-01-2019,Monthly,6.12,7191185,45.37,Urban
Goa,28-02-2019,Monthly,11.72,7114505,46.05,Urban
Goa,31-03-2019,Monthly,10.18,7160127,42.97,Urban
Goa,30-04-2019,Monthly,7.31,7208899,45.21,Urban
Goa,31-05-2019,Monthly,,7315922,46.19,Urban
Goa,30-06-2019,Monthly,8.85,7156884,45.76,Urban
Goa,31-07-2019,Monthly,8.15,7197602,44.65,Urban
Goa,31-08-2019,Monthly,9.94,7189090,44.73,Urban
Goa,30-09-2019,Monthly,11.26,7191682,45.66,Urban
Goa,31-10-2019,Monthly,9.28,7278745,44.98,Urban
Goa,30-11-2019,Monthly,7.95,7166475,44.84,Urban
Goa,31-12-2019,Monthly,8.23,7166386,46.17,Urban
Goa,31-01-2020,Monthly,10.49,7229226,45.95,Urban
Goa,29-02-2020,Monthly,6.39,7261774,44.82,Urban
Goa,31-03-2020,Monthly,16.48,6997452,43.42,Urban
Goa,30-04-2020,Monthly,34.51,6655069,43.19,Urban
Goa,31-05-2020,Monthly,18.41,6978843,46.68,Urban
Goa,30-06-2020,Monthly,20.31,7014625,43.47,Urban
Goa,31-07-2020,Monthly,11.43,7195879,47.08,Urban
Goa,31-08-2020,Monthly,13.51,7041751,45.81,Urban
Goa,30-09-2020,Monthly,11.41,7149674,44.98,Urban
Goa,31-10-2020,Monthly,8.29,7203283,44.04,Urban
Goa,30-11-2020,Monthly,11.88,7047361,46.82,Urban
Gujarat,31-01-2019,Monthly,10.16,7321143,50.74,Rural
Gujarat,28-02-2019,Monthly,9.24,7438763,47.88,Rural
Gujarat,31-03-2019,Monthly,10.3,7364630,49.16,Rural
Gujarat,30-04-2019,Monthly,14.35,7307673,51.11,Rural
Gujarat,31-05-2019,Monthly,10.92,7358107,49.46,Rural
Gujarat,30-06-2019,Monthly,10.23,7377147,48.31,Rural
Gujarat,31-07-2019,Monthly,11.63,7251789,50.65,Rural
Gujarat,31-08-2019,Monthly,10.57,7270877,53.07,Rural
Gujarat,30-09-2019,Monthly,12.36,7283022,50.28,Rural
Gujarat,31-10-2019,Monthly,10.04,7401863,48.77,Rural
Gujarat,30-11-2019,Monthly,9.73,7405990,50.59,Rural
Gujarat,31-12-2019,Monthly,12.29,7335072,51.95,Rural
Gujarat,31-01-2020,Monthly,10.85,7422057,50.87,Rural
Gujarat,29-02-2020,Monthly,11.1,7309331,51.5,Rural
Gujarat,31-03-2020,Monthly,26.75,6968457,49.47,Rural
Gujarat,30-04-2020,Monthly,38.87,6746229,51.27,Rural
Gujarat,31-05-2020,Monthly,27.0,7048662,50.97,Rural
Gujarat,30-06-2020,Monthly,26.37,7050928,50.31,Rural
Gujarat,31-07-2020,Monthly,13.2,7322100,49.34,Rural
Gujarat,31-08-2020,Monthly,12.88,7259232,47.57,Rural
Gujarat,30-09-2020,Monthly,13.26,7206780,48.78,Rural
Gujarat,31-10-2020,Monthly,10.38,7388749,48.71,Rural
Gujarat,30-11-2020,Monthly,13.58,7419759,50.73,Rural
Gujarat,31-01-2019,Monthly,7.28,9895749,33.41,Urban
Gujarat,28-02-2019,Monthly,11.84,9862117,36.2,Urban
Gujarat,31-03-2019,Monthly,9.55,9933796,35.72,Urban
Gujarat,30-04-2019,Monthly,7.24,9994104,35.34,Urban
Gujarat,31-05-2019,Monthly,6.13,9950946,34.06,Urban
Gujarat,30-06-2019,Monthly,6.03,10023274,37.2,Urban
Gujarat,31-07-2019,Monthly,8.76,9870870,35.12,Urban
Gujarat,31-08-2019,Monthly,5.92,10034345,37.6,Urban
Gujarat,30-09-2019,Monthly,7.52,9878243,35.91,Urban
Gujarat,31-10-2019,Monthly,11.38,9836161,34.69,Urban
Gujarat,30-11-2019,Monthly,8.57,9931916,36.04,Urban
Gujarat,31-12-2019,Monthly,8.51,9947695,35.98,Urban
Gujarat,31-01-2020,Monthly,5.99,9942461,34.55,Urban
Gujarat,29-02-2020,Monthly,10.04,9852851,37.57,Urban
Gujarat,31-03-2020,Monthly,14.37,9706767,37.96,Urban
Gujarat,30-04-2020,Monthly,27.33,9315690,34.96,Urban
Gujarat,31-05-2020,Monthly,16.29,9692044,35.21,Urban
Gujarat,30-06-2020,Monthly,18.31,9641503,37.14,Urban
Gujarat,31-07-2020,Monthly,8.46,9888979,37.35,Urban
Gujarat,31-08-2020,Monthly,12.18,9870671,35.75,Urban
Gujarat,30-09-2020,Monthly,10.52,9847247,35.14,Urban
Gujarat,31-10-2020,Monthly,7.67,9917743,34.68,Urban
Gujarat,30-11-2020,Monthly,10.79,9869640,33.52,Urban
Haryana,31-01-2019,Monthly,12.3,17292217,45.0,Rural
Haryana,28-02-2019,Monthly,11.55,17398061,42.18,Rural
Haryana,31-03-2019,Monthly,13.36,17249370,43.2,Rural
Haryana,30-04-2019,Monthly,7.58,17687001,42.63,Rural
Haryana,31-05-2019,Monthly,12.17,17390183,41.68,Rural
Haryana,30-06-2019,Monthly,12.2,17361754,43.93,Rural
Haryana,31-07-2019,Monthly,15.65,17191289,43.22,Rural
Haryana,31-08-2019,Monthly,9.34,17537882,43.69,Rural
Haryana,30-09-2019,Monthly,10.55,17380730,40.79,Rural
Haryana,31-10-2019,Monthly,11.46,17505891,41.64,Rural
Haryana,30-11-2019,Monthly,11.08,17460568,43.09,Rural
Haryana,31-12-2019,Monthly,10.5,17478416,43.71,Rural
Haryana,31-01-2020,Monthly,10.13,17432206,43.64,Rural
Haryana,29-02-2020,Monthly,9.18,17523870,43.2,Rural
Haryana,31-03-2020,Monthly,30.73,16397398,44.66,Rural
Haryana,30-04-2020,Monthly,28.6,16345355,43.07,Rural
Haryana,31-05-2020,Monthly,20.9,16878498,43.06,Rural
Haryana,30-06-2020,Monthly,33.46,16118825,42.22,Rural
Haryana,31-07-2020,Monthly,13.53,17279010,41.54,Rural
Haryana,31-08-2020,Monthly,16.46,17079515,43.49,Rural
Haryana,30-09-2020,Monthly,12.16,17434803,43.17,Rural
Haryana,31-10-2020,Monthly,17.07,17066686,42.5,Rural
Haryana,30-11-2020,Monthly,11.89,17359737,42.53,Rural
Haryana,31-01-2019,Monthly,8.61,17534270,45.43,Urban
Haryana,28-02-2019,Monthly,6.57,17586201,47.06,Urban
Haryana,31-03-2019,Monthly,8.82,17416978,45.05,Urban
Haryana,30-04-2019,Monthly,10.19,17439817,47.17,Urban
Haryana,31-05-2019,Monthly,7.77,17504715,47.68,Urban
Haryana,30-06-2019,Monthly,6.67,17589717,44.86,Urban
Haryana,31-07-2019,Monthly,,17302871,46.09,Urban
Haryana,31-08-2019,Monthly,8.98,17423722,44.45,Urban
Haryana,30-09-2019,Monthly,7.15,17638974,46.96,Urban
Haryana,31-10-2019,Monthly,10.74,17316048,45.29,Urban
Haryana,30-11-2019,Monthly,8.29,17611890,46.48,Urban
Haryana,31-12-2019,Monthly,8.88,17512227,46.44,Urban
Haryana,31-01-2020,Monthly,8.37,17522715,46.4,Urban
Haryana,29-02-2020,Monthly,7.76,17537068,47.49,Urban
Haryana,31-03-2020,Monthly,14.55,17099559,46.04,Urban
Haryana,30-04-2020,Monthly,23.87,16722911,46.67,Urban
Haryana,31-05-2020,Monthly,14.84,17210583,48.07,Urban
Haryana,30-06-2020,Monthly,18.01,17046147,45.71,Urban
Haryana,31-07-2020,Monthly,8.62,17552663,47.88,Urban
Haryana,31-08-2020,Monthly,10.61,17381019,48.96,Urban
Haryana,30-09-2020,Monthly,14.6,17191137,48.5,Urban
Haryana,31-10-2020,Monthly,10.24,17388496,46.5,Urban
Haryana,30-11-2020,Monthly,8.71,17584217,45.89,Urban
Himachal Pradesh,31-01-2019,Monthly,10.96,9531961,37.86,Rural
Himachal Pradesh,28-02-2019,Monthly,11.92,9504788,35.85,Rural
Himachal Pradesh,31-03-2019,Monthly,12.14,9493177,37.62,Rural
Himachal Pradesh,30-04-2019,Monthly,12.19,9471275,36.86,Rural
Himachal Pradesh,31-05-2019,Monthly,13.66,9379114,36.19,Rural
Himachal Pradesh,30-06-2019,Monthly,12.44,9472323,37.69,Rural
Himachal Pradesh,31-07-2019,Monthly,12.05,9589167,37.5,Rural
Himachal Pradesh,31-08-2019,Monthly,9.56,9548825,37.9,Rural
Himachal Pradesh,30-09-2019,Monthly,12.24,9392274,36.57,Rural
Himachal Pradesh,31-10-2019,Monthly,11.31,9493903,35.14,Rural
Himachal Pradesh,30-11-2019,Monthly,10.56,9525181,38.26,Rural
Himachal Pradesh,31-12-2019,Monthly,10.82,9422803,35.49,Rural
Himachal Pradesh,31-01-2020,Monthly,11.41,9459284,38.89,Rural
Himachal Pradesh,29-02-2020,Monthly,12.28,9367369,38.57,Rural
Himachal Pradesh,31-03-2020,Monthly,24.21,9164203,36.16,Rural
Himachal Pradesh,30-04-2020,Monthly,42.58,8566554,36.0,Rural
Himachal Pradesh,31-05-2020,Monthly,31.65,8942447,38.05,Rural
Himachal Pradesh,30-06-2020,Monthly,25.41,9065391,38.4,Rural
Himachal Pradesh,31-07-2020,Monthly,12.89,9411691,37.66,Rural
Himachal Pradesh,31-08-2020,Monthly,18.68,9125207,37.78,Rural
Himachal Pradesh,30-09-2020,Monthly,12.47,9353391,36.72,Rural
Himachal Pradesh,31-10-2020,Monthly,15.97,9353164,37.51,Rural
Himachal Pradesh,30-11-2020,Monthly,16.96,9343630,36.55,Rural
Himachal Pradesh,31-01-2019,Monthly,9.56,8481886,42.23,Urban
Himachal Pradesh,28-02-2019,Monthly,9.39,8549367,41.3,Urban
Himachal Pradesh,31-03-2019,Monthly,12.39,8408676,41.66,Urban
Himachal Pradesh,30-04-2019,Monthly,11.36,8479127,43.35,Urban
Himachal Pradesh,31-05-2019,Monthly,12.75,8421144,45.7,Urban
Himachal Pradesh,30-06-2019,Monthly,11.87,8484545,44.0,Urban
Himachal Pradesh,31-07-2019,Monthly,7.9,8588245,45.05,Urban
Himachal Pradesh,31-08-2019,Monthly,10.72,8431230,44.0,Urban
Himachal Pradesh,30-09-2019,Monthly,9.58,8551483,42.61,Urban
Himachal Pradesh,31-10-2019,Monthly,9.77,8500111,43.7,Urban
Himachal Pradesh,30-11-2019,Monthly,8.74,8564714,43.24,Urban
Himachal Pradesh,31-12-2019,Monthly,9.55,8510958,44.42,Urban
Himachal Pradesh,31-01-2020,Monthly,9.42,8431880,42.94,Urban
Himachal Pradesh,29-02-2020,Monthly,9.8,8528376,41.98,Urban
Himachal Pradesh,31-03-2020,Monthly,35.42,7746166,44.98,Urban
Himachal Pradesh,30-04-2020,Monthly,25.14,8069912,44.34,Urban
Himachal Pradesh,31-05-2020,Monthly,25.84,8027822,43.65,Urban
Himachal Pradesh,30-06-2020,Monthly,29.91,7979300,44.03,Urban
Himachal Pradesh,31-07-2020,Monthly,14.95,8311113,40.07,Urban
Himachal Pradesh,31-08-2020,Monthly,12.01,8542462,45.7,Urban
Himachal Pradesh,30-09-2020,Monthly,13.16,8412788,42.7,Urban
Himachal Pradesh,31-10-2020,Monthly,15.14,8356784,42.82,Urban
Himachal Pradesh,30-11-2020,Monthly,14.08,8363440,42.43,Urban
Jammu & Kashmir,31-01-2019,Monthly,10.76,14812842,39.13,Rural
Jammu & Kashmir,28-02-2019,Monthly,10.05,14875105,38.07,Rural
Jammu & Kashmir,31-03-2019,Monthly,9.89,14988585,38.21,Rural
Jammu & Kashmir,30-04-2019,Monthly,7.25,15071162,39.72,Rural
Jammu & Kashmir,31-05-2019,Monthly,9.79,14999830,38.15,Rural
Jammu & Kashmir,30-06-2019,Monthly,10.3,14961365,38.86,Rural
Jammu & Kashmir,31-07-2019,Monthly,9.0,14952066,36.93,Rural
Jammu & Kashmir,31-08-2019,Monthly,10.51,14865752,38.32,Rural
Jammu & Kashmir,30-09-2019,Monthly,11.24,14939454,37.98,Rural
Jammu & Kashmir,31-10-2019,Monthly,12.19,14882425,39.79,Rural
Jammu & Kashmir,30-11-2019,Monthly,8.77,15032152,39.5,Rural
Jammu & Kashmir,31-12-2019,Monthly,14.6,14673466,38.79,Rural
Jammu & Kashmir,31-01-2020,Monthly,11.39,14927798,36.87,Rural
Jammu & Kashmir,29-02-2020,Monthly,11.68,14840261,39.64,Rural
Jammu & Kashmir,31-03-2020,Monthly,24.36,14262039,36.87,Rural
Jammu & Kashmir,30-04-2020,Monthly,34.25,13778365,37.58,Rural
Jammu & Kashmir,31-05-2020,Monthly,24.72,14230448,39.53,Rural
Jammu & Kashmir,30-06-2020,Monthly,24.63,14245567,39.54,Rural
Jammu & Kashmir,31-07-2020,Monthly,14.63,14728568,36.66,Rural
Jammu & Kashmir,31-08-2020,Monthly,16.29,14615616,38.7,Rural
Jammu & Kashmir,30-09-2020,Monthly,16.57,14555494,38.22,Rural
Jammu & Kashmir,31-10-2020,Monthly,15.5,14723622,36.49,Rural
Jammu & Kashmir,30-11-2020,Monthly,16.3,14659717,38.83,Rural
Jammu & Kashmir,31-01-2019,Monthly,7.86,16209678,43.89,Urban
Jammu & Kashmir,28-02-2019,Monthly,6.22,16353051,45.36,Urban
Jammu & Kashmir,31-03-2019,Monthly,5.28,16318089,44.95,Urban
Jammu & Kashmir,30-04-2019,Monthly,6.19,16320600,44.54,Urban
Jammu & Kashmir,31-05-2019,Monthly,7.96,16248268,45.8,Urban
Jammu & Kashmir,30-06-2019,Monthly,6.54,16255740,45.85,Urban
Jammu & Kashmir,31-07-2019,Monthly,4.8,16387135,47.27,Urban
Jammu & Kashmir,31-08-2019,Monthly,2.52,16467556,43.13,Urban
Jammu & Kashmir,30-09-2019,Monthly,6.89,16312155,47.11,Urban
Jammu & Kashmir,31-10-2019,Monthly,7.9,16181851,45.16,Urban
Jammu & Kashmir,30-11-2019,Monthly,6.29,16298036,46.46,Urban
Jammu & Kashmir,31-12-2019,Monthly,5.81,16376624,45.38,Urban
Jammu & Kashmir,31-01-2020,Monthly,7.65,16236252,46.26,Urban
Jammu & Kashmir,29-02-2020,Monthly,3.4,16404127,46.83,Urban
Jammu & Kashmir,31-03-2020,Monthly,14.81,15863162,46.2,Urban
Jammu & Kashmir,30-04-2020,Monthly,21.86,15606256,43.84,Urban
Jammu & Kashmir,31-05-2020,Monthly,15.86,15805417,44.05,Urban
Jammu & Kashmir,30-06-2020,Monthly,15.14,15860760,46.84,Urban
Jammu & Kashmir,31-07-2020,Monthly,9.15,16120905,45.29,Urban
Jammu & Kashmir,31-08-2020,Monthly,6.8,16158736,44.8,Urban
Jammu & Kashmir,30-09-2020,Monthly,4.19,16323927,45.97,Urban
Jammu & Kashmir,31-10-2020,Monthly,7.01,16259004,46.36,Urban
Jammu & Kashmir,30-11-2020,Monthly,7.56,16137499,45.2,Urban
Jharkhand,31-01-2019,Monthly,11.38,12458717,37.6,Rural
Jharkhand,28-02-2019,Monthly,11.46,12475457,35.52,Rural
Jharkhand,31-03-2019,Monthly,8.39,12535386,36.63,Rural
Jharkhand,30-04-2019,Monthly,12.59,12497608,35.66,Rural
Jharkhand,31-05-2019,Monthly,12.29,12470531,38.24,Rural
Jharkhand,30-06-2019,Monthly,11.47,12453410,33.66,Rural
Jharkhand,31-07-2019,Monthly,10.69,12475946,36.15,Rural
Jharkhand,31-08-2019,Monthly,10.13,12572641,36.1,Rural
Jharkhand,30-09-2019,Monthly,10.4,12607110,36.19,Rural
Jharkhand,31-10-2019,Monthly,11.95,12486727,37.22,Rural
Jharkhand,30-11-2019,Monthly,11.82,12499512,34.93,Rural
Jharkhand,31-12-2019,Monthly,9.94,12469566,35.53,Rural
Jharkhand,31-01-2020,Monthly,10.58,12534217,36.5,Rural
Jharkhand,29-02-2020,Monthly,9.37,12619321,37.85,Rural
Jharkhand,31-03-2020,Monthly,31.27,11815136,34.87,Rural
Jharkhand,30-04-2020,Monthly,32.89,11650192,38.03,Rural
Jharkhand,31-05-2020,Monthly,32.02,11710271,36.15,Rural
Jharkhand,30-06-2020,Monthly,26.22,11830633,37.71,Rural
Jharkhand,31-07-2020,Monthly,17.59,12313776,35.0,Rural
Jharkhand,31-08-2020,Monthly,14.45,12331118,35.79,Rural
Jharkhand,30-09-2020,Monthly,14.71,12439029,35.63,Rural
Jharkhand,31-10-2020,Monthly,14.63,12427866,34.89,Rural
Jharkhand,30-11-2020,Monthly,14.22,12358644,36.27,Rural
Jharkhand,31-01-2019,Monthly,8.58,5004121,42.29,Urban
Jharkhand,28-02-2019,Monthly,7.53,4974807,40.12,Urban
Jharkhand,31-03-2019,Monthly,10.11,4988207,41.88,Urban
Jharkhand,30-04-2019,Monthly,7.49,4919197,42.92,Urban
Jharkhand,31-05-2019,Monthly,5.46,5111246,44.96,Urban
Jharkhand,30-06-2019,Monthly,9.92,5017657,41.01,Urban
Jharkhand,31-07-2019,Monthly,7.33,4987555,41.72,Urban
Jharkhand,31-08-2019,Monthly,8.94,4995987,43.44,Urban
Jharkhand,30-09-2019,Monthly,5.74,5124033,41.18,Urban
Jharkhand,31-10-2019,Monthly,9.91,5001398,44.64,Urban
Jharkhand,30-11-2019,Monthly,10.35,4926416,42.16,Urban
Jharkhand,31-12-2019,Monthly,7.15,5010767,42.6,Urban
Jharkhand,31-01-2020,Monthly,13.21,4921255,41.81,Urban
Jharkhand,29-02-2020,Monthly,7.44,5037935,42.13,Urban
Jharkhand,31-03-2020,Monthly,26.54,4757874,42.22,Urban
Jharkhand,30-04-2020,Monthly,28.82,4624494,43.05,Urban
Jharkhand,31-05-2020,Monthly,20.43,4688423,46.05,Urban
Jharkhand,30-06-2020,Monthly,25.49,4700818,42.78,Urban
Jharkhand,31-07-2020,Monthly,17.24,4834226,42.1,Urban
Jharkhand,31-08-2020,Monthly,16.26,4848889,42.12,Urban
Jharkhand,30-09-2020,Monthly,14.39,4920564,42.52,Urban
Jharkhand,31-10-2020,Monthly,13.48,4889644,43.43,Urban
Jharkhand,30-11-2020,Monthly,12.75,4864319,40.63,Urban
Karnataka,31-01-2019,Monthly,13.3,10178901,39.03,Rural
Karnataka,28-02-2019,Monthly,11.96,10216828,37.45,Rural
Karnataka,31-03-2019,Monthly,13.06,10196276,38.58,Rural
Karnataka,30-04-2019,Monthly,10.75,10193135,38.13,Rural
Karnataka,31-05-2019,Monthly,9.13,10278316,37.21,Rural
Karnataka,30-06-2019,Monthly,10.94,10229629,38.89,Rural
Karnataka,31-07-2019,Monthly,9.81,10223114,38.95,Rural
Karnataka,31-08-2019,Monthly,10.43,10236231,37.31,Rural
Karnataka,30-09-2019,Monthly,8.64,10254093,39.16,Rural
Karnataka,31-10-2019,Monthly,9.59,10193909,38.0,Rural
Karnataka,30-11-2019,Monthly,10.97,10241036,39.79,Rural
Karnataka,31-12-2019,Monthly,7.29,10344316,39.37,Rural
Karnataka,31-01-2020,Monthly,12.98,10225346,38.41,Rural
Karnataka,29-02-2020,Monthly,8.89,10335325,38.83,Rural
Karnataka,31-03-2020,Monthly,30.44,9747453,38.63,Rural
Karnataka,30-04-2020,Monthly,27.29,9617738,38.13,Rural
Karnataka,31-05-2020,Monthly,19.67,9958772,37.17,Rural
Karnataka,30-06-2020,Monthly,20.47,9894465,38.18,Rural
Karnataka,31-07-2020,Monthly,12.43,10188607,39.15,Rural
Karnataka,31-08-2020,Monthly,11.83,10186234,37.23,Rural
Karnataka,30-09-2020,Monthly,12.18,10232499,38.48,Rural
Karnataka,31-10-2020,Monthly,14.03,10118774,39.07,Rural
Karnataka,30-11-2020,Monthly,16.91,10009579,35.23,Rural
Karnataka,31-01-2019,Monthly,7.95,13282771,36.55,Urban
Karnataka,28-02-2019,Monthly,8.75,13254886,35.31,Urban
Karnataka,31-03-2019,Monthly,9.03,13183601,34.53,Urban
Karnataka,30-04-2019,Monthly,6.05,13312625,33.34,Urban
Karnataka,31-05-2019,Monthly,8.39,13191198,34.89,Urban
Karnataka,30-06-2019,Monthly,11.64,13068411,34.59,Urban
Karnataka,31-07-2019,Monthly,10.21,13194534,34.97,Urban
Karnataka,31-08-2019,Monthly,9.75,13241401,34.18,Urban
Karnataka,30-09-2019,Monthly,8.85,13154412,36.42,Urban
Karnataka,31-10-2019,Monthly,11.78,13040651,35.3,Urban
Karnataka,30-11-2019,Monthly,,13194686,34.87,Urban
Karnataka,31-12-2019,Monthly,,13344576,33.24,Urban
Karnataka,31-01-2020,Monthly,6.05,13300351,33.87,Urban
Karnataka,29-02-2020,Monthly,10.21,13022084,34.97,Urban
Karnataka,31-03-2020,Monthly,21.38,12689378,35.72,Urban
Karnataka,30-04-2020,Monthly,32.57,12196945,35.21,Urban
Karnataka,31-05-2020,Monthly,29.25,12401797,35.78,Urban
Karnataka,30-06-2020,Monthly,19.09,12744286,32.47,Urban
Karnataka,31-07-2020,Monthly,12.04,13076384,35.13,Urban
Karnataka,31-08-2020,Monthly,14.81,12989329,32.34,Urban
Karnataka,30-09-2020,Monthly,9.94,13148398,33.09,Urban
Karnataka,31-10-2020,Monthly,12.31,13055106,35.71,Urban
Karnataka,30-11-2020,Monthly,10.39,13072249,34.33,Urban
Kerala,31-01-2019,Monthly,4.37,7725915,44.93,Rural
Kerala,28-02-2019,Monthly,7.09,7591310,45.35,Rural
Kerala,31-03-2019,Monthly,4.96,7723073,45.52,Rural
Kerala,30-04-2019,Monthly,5.8,7625605,44.15,Rural
Kerala,31-05-2019,Monthly,3.92,7733379,46.76,Rural
Kerala,30-06-2019,Monthly,4.87,7743942,43.6,Rural
Kerala,31-07-2019,Monthly,2.18,7841613,42.63,Rural
Kerala,31-08-2019,Monthly,4.42,7734811,44.78,Rural
Kerala,30-09-2019,Monthly,2.74,7774919,46.77,Rural
Kerala,31-10-2019,Monthly,2.81,7758306,44.39,Rural
Kerala,30-11-2019,Monthly,5.69,7683596,43.57,Rural
Kerala,31-12-2019,Monthly,6.26,7621198,45.33,Rural
Kerala,31-01-2020,Monthly,4.37,7737210,46.12,Rural
Kerala,29-02-2020,Monthly,6.1,7703949,44.09,Rural
Kerala,31-03-2020,Monthly,9.67,7619540,45.4,Rural
Kerala,30-04-2020,Monthly,18.87,7365900,43.29,Rural
Kerala,31-05-2020,Monthly,13.36,7490440,43.91,Rural
Kerala,30-06-2020,Monthly,11.71,7474275,42.41,Rural
Kerala,31-07-2020,Monthly,5.42,7739345,43.51,Rural
Kerala,31-08-2020,Monthly,8.88,7676774,42.84,Rural
Kerala,30-09-2020,Monthly,6.81,7608679,43.85,Rural
Kerala,31-10-2020,Monthly,9.8,7509254,46.72,Rural
Kerala,30-11-2020,Monthly,10.16,7583043,43.26,Rural
Kerala,31-01-2019,Monthly,8.89,16731830,50.2,Urban
Kerala,28-02-2019,Monthly,11.76,16523867,47.73,Urban
Kerala,31-03-2019,Monthly,10.8,16509459,48.63,Urban
Kerala,30-04-2019,Monthly,11.48,16652474,49.63,Urban
Kerala,31-05-2019,Monthly,12.78,16448591,48.77,Urban
Kerala,30-06-2019,Monthly,11.94,16452938,47.51,Urban
Kerala,31-07-2019,Monthly,8.96,16768565,47.01,Urban
Kerala,31-08-2019,Monthly,11.58,16656110,47.11,Urban
Kerala,30-09-2019,Monthly,10.07,16654110,48.94,Urban
Kerala,31-10-2019,Monthly,12.91,16444808,47.67,Urban
Kerala,30-11-2019,Monthly,11.64,16554811,49.02,Urban
Kerala,31-12-2019,Monthly,12.94,16534531,46.48,Urban
Kerala,31-01-2020,Monthly,13.06,16503876,48.69,Urban
Kerala,29-02-2020,Monthly,7.74,16805389,49.69,Urban
Kerala,31-03-2020,Monthly,27.75,15776713,48.99,Urban
Kerala,30-04-2020,Monthly,38.54,15242378,47.75,Urban
Kerala,31-05-2020,Monthly,25.51,15902748,49.32,Urban
Kerala,30-06-2020,Monthly,30.76,15614321,45.52,Urban
Kerala,31-07-2020,Monthly,13.06,16557852,49.41,Urban
Kerala,31-08-2020,Monthly,14.32,16480810,49.32,Urban
Kerala,30-09-2020,Monthly,15.32,16431513,48.45,Urban
Kerala,31-10-2020,Monthly,15.28,16410541,48.1,Urban
Kerala,30-11-2020,Monthly,17.13,16205434,49.7,Urban
Madhya Pradesh,31-01-2019,Monthly,5.81,21897522,38.63,Rural
Madhya Pradesh,28-02-2019,Monthly,5.6,21986754,39.68,Rural
Madhya Pradesh,31-03-2019,Monthly,5.0,21978495,35.23,Rural
Madhya Pradesh,30-04-2019,Monthly,5.37,22009055,35.54,Rural
Madhya Pradesh,31-05-2019,Monthly,3.86,22124299,36.72,Rural
Madhya Pradesh,30-06-2019,Monthly,2.77,22098941,37.16,Rural
Madhya Pradesh,31-07-2019,Monthly,5.1,21989723,38.7,Rural
Madhya Pradesh,31-08-2019,Monthly,6.77,21928899,36.77,Rural
Madhya Pradesh,30-09-2019,Monthly,3.0,22057304,37.77,Rural
Madhya Pradesh,31-10-2019,Monthly,4.33,21949745,37.45,Rural
Madhya Pradesh,30-11-2019,Monthly,5.42,21897009,38.43,Rural
Madhya Pradesh,31-12-2019,Monthly,6.49,21816206,35.37,Rural
Madhya Pradesh,31-01-2020,Monthly,4.57,21927618,36.25,Rural
Madhya Pradesh,29-02-2020,Monthly,3.79,22056675,37.83,Rural
Madhya Pradesh,31-03-2020,Monthly,8.74,21707471,39.37,Rural
Madhya Pradesh,30-04-2020,Monthly,19.03,21091966,38.58,Rural
Madhya Pradesh,31-05-2020,Monthly,11.11,21516583,38.58,Rural
Madhya Pradesh,30-06-2020,Monthly,15.25,21274674,37.69,Rural
Madhya Pradesh,31-07-2020,Monthly,8.61,21788232,37.08,Rural
Madhya Pradesh,31-08-2020,Monthly,6.97,21823142,35.41,Rural
Madhya Pradesh,30-09-2020,Monthly,9.67,21642116,38.04,Rural
Madhya Pradesh,31-10-2020,Monthly,6.5,21827730,37.19,Rural
Madhya Pradesh,30-11-2020,Monthly,7.25,21862063,36.83,Rural
Madhya Pradesh,31-01-2019,Monthly,7.71,2998667,44.67,Urban
Madhya Pradesh,28-02-2019,Monthly,10.95,3061198,43.0,Urban
Madhya Pradesh,31-03-2019,Monthly,7.74,3059639,42.98,Urban
Madhya Pradesh,30-04-2019,Monthly,12.89,3064405,44.33,Urban
Madhya Pradesh,31-05-2019,Monthly,11.41,3032271,44.73,Urban
Madhya Pradesh,30-06-2019,Monthly,11.03,3066115,44.03,Urban
Madhya Pradesh,31-07-2019,Monthly,11.09,3065650,43.59,Urban
Madhya Pradesh,31-08-2019,Monthly,7.46,3079876,44.81,Urban
Madhya Pradesh,30-09-2019,Monthly,9.87,3031417,45.59,Urban
Madhya Pradesh,31-10-2019,Monthly,11.42,2977513,41.9,Urban
Madhya Pradesh,30-11-2019,Monthly,7.17,3040883,44.87,Urban
Madhya Pradesh,31-12-2019,Monthly,8.59,3055207,44.79,Urban
Madhya Pradesh,31-01-2020,Monthly,8.6,3030252,45.57,Urban
Madhya Pradesh,29-02-2020,Monthly,9.19,3024740,44.49,Urban
Madhya Pradesh,31-03-2020,Monthly,26.41,2915892,45.0,Urban
Madhya Pradesh,30-04-2020,Monthly,21.97,2873277,43.96,Urban
Madhya Pradesh,31-05-2020,Monthly,21.42,2866751,42.25,Urban
Madhya Pradesh,30-06-2020,Monthly,26.35,2938203,42.47,Urban
Madhya Pradesh,31-07-2020,Monthly,11.2,3018959,42.82,Urban
Madhya Pradesh,31-08-2020,Monthly,,3029566,44.34,Urban
Madhya Pradesh,30-09-2020,Monthly,16.14,3004981,44.57,Urban
Madhya Pradesh,31-10-2020,Monthly,11.26,3047835,42.66,Urban
Madhya Pradesh,30-11-2020,Monthly,14.96,2974208,43.49,Urban
Maharashtra,31-01-2019,Monthly,3.82,4984832,44.93,Rural
Maharashtra,28-02-2019,Monthly,2.8,5002795,43.95,Rural
Maharashtra,31-03-2019,Monthly,3.43,4959744,47.01,Rural
Maharashtra,30-04-2019,Monthly,8.32,4981133,42.98,Rural
Maharashtra,31-05-2019,Monthly,4.33,5001106,42.62,Rural
Maharashtra,30-06-2019,Monthly,5.92,4977779,48.44,Rural
Maharashtra,31-07-2019,Monthly,3.32,5002415,44.71,Rural
Maharashtra,31-08-2019,Monthly,5.02,4940300,44.24,Rural
Maharashtra,30-09-2019,Monthly,6.01,4876544,45.42,Rural
Maharashtra,31-10-2019,Monthly,5.71,4951225,44.86,Rural
Maharashtra,30-11-2019,Monthly,7.62,4974474,46.12,Rural
Maharashtra,31-12-2019,Monthly,8.5,4929398,46.19,Rural
Maharashtra,31-01-2020,Monthly,6.94,4903629,44.2,Rural
Maharashtra,29-02-2020,Monthly,5.58,4950969,47.01,Rural
Maharashtra,31-03-2020,Monthly,11.92,4836752,45.73,Rural
Maharashtra,30-04-2020,Monthly,12.44,4837970,46.91,Rural
Maharashtra,31-05-2020,Monthly,12.13,4867007,47.22,Rural
Maharashtra,30-06-2020,Monthly,11.61,4810411,44.95,Rural
Maharashtra,31-07-2020,Monthly,5.85,4942167,45.06,Rural
Maharashtra,31-08-2020,Monthly,4.47,5036728,46.94,Rural
Maharashtra,30-09-2020,Monthly,6.85,4879389,45.54,Rural
Maharashtra,31-10-2020,Monthly,7.99,4932464,47.6,Rural
Maharashtra,30-11-2020,Monthly,6.72,5011030,46.63,Rural
Maharashtra,31-01-2019,Monthly,12.14,10448041,37.94,Urban
Maharashtra,28-02-2019,Monthly,9.62,10453401,37.53,Urban
Maharashtra,31-03-2019,Monthly,11.56,10481611,38.39,Urban
Maharashtra,30-04-2019,Monthly,14.44,10359055,36.99,Urban
Maharashtra,31-05-2019,Monthly,9.28,10427899,36.32,Urban
Maharashtra,30-06-2019,Monthly,8.7,10454651,38.13,Urban
Maharashtra,31-07-2019,Monthly,10.21,10394844,38.93,Urban
Maharashtra,31-08-2019,Monthly,13.09,10377017,38.22,Urban
Maharashtra,30-09-2019,Monthly,8.04,10518937,37.77,Urban
Maharashtra,31-10-2019,Monthly,8.65,10460157,35.89,Urban
Maharashtra,30-11-2019,Monthly,11.77,10432236,35.63,Urban
Maharashtra,31-12-2019,Monthly,12.48,10404864,35.97,Urban
Maharashtra,31-01-2020,Monthly,12.36,10388247,35.23,Urban
Maharashtra,29-02-2020,Monthly,7.13,10597981,37.91,Urban
Maharashtra,31-03-2020,Monthly,30.79,9792037,37.48,Urban
Maharashtra,30-04-2020,Monthly,26.54,9918872,38.5,Urban
Maharashtra,31-05-2020,Monthly,27.64,9826228,36.81,Urban
Maharashtra,30-06-2020,Monthly,,10065925,34.93,Urban
Maharashtra,31-07-2020,Monthly,15.84,10289428,38.7,Urban
Maharashtra,31-08-2020,Monthly,17.05,10320231,38.26,Urban
Maharashtra,30-09-2020,Monthly,15.02,10292063,37.13,Urban
Maharashtra,31-10-2020,Monthly,18.06,10161988,35.48,Urban
Maharashtra,30-11-2020,Monthly,13.75,10344235,34.58,Urban
Meghalaya,31-01-2019,Monthly,6.89,24441939,49.01,Rural
Meghalaya,28-02-2019,Monthly,5.8,24538618,51.12,Rural
Meghalaya,31-03-2019,Monthly,8.42,24283514,50.93,Rural
Meghalaya,30-04-2019,Monthly,7.32,24385746,48.49,Rural
Meghalaya,31-05-2019,Monthly,6.71,24367140,52.1,Rural
Meghalaya,30-06-2019,Monthly,5.47,24529960,51.31,Rural
Meghalaya,31-07-2019,Monthly,6.66,24438032,49.77,Rural
Meghalaya,31-08-2019,Monthly,6.51,24370919,49.34,Rural
Meghalaya,30-09-2019,Monthly,6.4,24424076,51.82,Rural
Meghalaya,31-10-2019,Monthly,7.8,24289295,49.54,Rural
Meghalaya,30-11-2019,Monthly,4.18,24631353,50.47,Rural
Meghalaya,31-12-2019,Monthly,4.12,24619134,49.81,Rural
Meghalaya,31-01-2020,Monthly,4.86,24539572,49.47,Rural
Meghalaya,29-02-2020,Monthly,3.84,24592648,48.87,Rural
Meghalaya,31-03-2020,Monthly,12.72,23947712,49.41,Rural
Meghalaya,30-04-2020,Monthly,22.13,23173562,49.16,Rural
Meghalaya,31-05-2020,Monthly,13.9,23821663,49.13,Rural
Meghalaya,30-06-2020,Monthly,11.47,24123841,48.35,Rural
Meghalaya,31-07-2020,Monthly,7.33,24336922,49.22,Rural
Meghalaya,31-08-2020,Monthly,7.33,24268888,49.54,Rural
Meghalaya,30-09-2020,Monthly,7.33,24379848,49.94,Rural
Meghalaya,31-10-2020,Monthly,10.71,24040860,50.65,Rural
Meghalaya,30-11-2020,Monthly,7.53,24308193,50.82,Rural
Meghalaya,31-01-2019,Monthly,3.93,9261336,42.85,Urban
Meghalaya,28-02-2019,Monthly,4.2,9202486,43.35,Urban
Meghalaya,31-03-2019,Monthly,5.32,9117070,42.89,Urban
Meghalaya,30-04-2019,Monthly,6.6,9091645,37.89,Urban
Meghalaya,31-05-2019,Monthly,2.7,9251520,41.44,Urban
Meghalaya,30-06-2019,Monthly,3.54,9082350,41.29,Urban
Meghalaya,31-07-2019,Monthly,4.57,9247099,43.83,Urban
Meghalaya,31-08-2019,Monthly,2.59,9240046,39.36,Urban
Meghalaya,30-09-2019,Monthly,5.97,9123759,40.56,Urban
Meghalaya,31-10-2019,Monthly,2.67,9169031,42.41,Urban
Meghalaya,30-11-2019,Monthly,3.52,9125878,42.14,Urban
Meghalaya,31-12-2019,Monthly,3.49,9241713,42.02,Urban
Meghalaya,31-01-2020,Monthly,3.65,9150942,42.46,Urban
Meghalaya,29-02-2020,Monthly,3.66,9143383,41.44,Urban
Meghalaya,31-03-2020,Monthly,10.24,9020795,43.35,Urban
Meghalaya,30-04-2020,Monthly,15.61,8785374,41.02,Urban
Meghalaya,31-05-2020,Monthly,10.23,8947507,41.08,Urban
Meghalaya,30-06-2020,Monthly,9.19,9067783,43.79,Urban
Meghalaya,31-07-2020,Monthly,4.94,9004217,41.28,Urban
Meghalaya,31-08-2020,Monthly,7.99,9038422,41.16,Urban
Meghalaya,30-09-2020,Monthly,4.37,9195870,42.13,Urban
Meghalaya,31-10-2020,Monthly,5.06,9138344,41.94,Urban
Meghalaya,30-11-2020,Monthly,5.11,9122488,42.22,Urban
Odisha,31-01-2019,Monthly,2.78,13880651,36.74,Rural
Odisha,28-02-2019,Monthly,4.91,13835900,37.98,Rural
Odisha,31-03-2019,Monthly,3.26,13861966,37.69,Rural
Odisha,30-04-2019,Monthly,5.56,13784718,38.7,Rural
Odisha,31-05-2019,Monthly,4.2,13869411,37.7,Rural
Odisha,30-06-2019,Monthly,5.12,13791300,38.8,Rural
Odisha,31-07-2019,Monthly,6.27,13767069,39.61,Rural
Odisha,31-08-2019,Monthly,4.08,13826217,39.2,Rural
Odisha,30-09-2019,Monthly,5.23,13835050,37.84,Rural
Odisha,31-10-2019,Monthly,3.78,13781224,37.06,Rural
Odisha,30-11-2019,Monthly,5.58,13737212,38.95,Rural
Odisha,31-12-2019,Monthly,2.04,13892453,39.14,Rural
Odisha,31-01-2020,Monthly,3.92,13734837,40.01,Rural
Odisha,29-02-2020,Monthly,5.69,13785383,38.76,Rural
Odisha,31-03-2020,Monthly,10.26,13637815,39.68,Rural
Odisha,30-04-2020,Monthly,15.65,13310869,39.27,Rural
Odisha,31-05-2020,Monthly,9.81,13538891,37.93,Rural
Odisha,30-06-2020,Monthly,8.14,13650830,40.62,Rural
Odisha,31-07-2020,Monthly,2.36,13878359,36.92,Rural
Odisha,31-08-2020,Monthly,7.95,13653476,37.35,Rural
Odisha,30-09-2020,Monthly,8.41,13585724,39.21,Rural
Odisha,31-10-2020,Monthly,6.64,13797749,39.53,Rural
Odisha,30-11-2020,Monthly,4.02,13764164,38.41,Rural
Odisha,31-01-2019,Monthly,10.0,9736753,37.5,Urban
Odisha,28-02-2019,Monthly,8.04,9823535,34.69,Urban
Odisha,31-03-2019,Monthly,10.62,9547018,35.75,Urban
Odisha,30-04-2019,Monthly,7.65,9716068,34.96,Urban
Odisha,31-05-2019,Monthly,8.56,9728261,34.92,Urban
Odisha,30-06-2019,Monthly,8.9,9715470,34.18,Urban
Odisha,31-07-2019,Monthly,7.77,9698384,38.03,Urban
Odisha,31-08-2019,Monthly,7.76,9685294,38.26,Urban
Odisha,30-09-2019,Monthly,7.8,9786680,36.22,Urban
Odisha,31-10-2019,Monthly,8.26,9601107,37.27,Urban
Odisha,30-11-2019,Monthly,7.35,9749634,37.32,Urban
Odisha,31-12-2019,Monthly,8.66,9675279,35.4,Urban
Odisha,31-01-2020,Monthly,8.55,9707207,37.32,Urban
Odisha,29-02-2020,Monthly,8.97,9656381,37.1,Urban
Odisha,31-03-2020,Monthly,23.85,9217780,37.05,Urban
Odisha,30-04-2020,Monthly,21.17,9384375,37.26,Urban
Odisha,31-05-2020,Monthly,22.47,9219756,35.93,Urban
Odisha,30-06-2020,Monthly,15.0,9422190,38.17,Urban
Odisha,31-07-2020,Monthly,11.71,9549732,36.31,Urban
Odisha,31-08-2020,Monthly,8.35,9695621,36.96,Urban
Odisha,30-09-2020,Monthly,12.0,9688922,36.8,Urban
Odisha,31-10-2020,Monthly,14.13,9524736,38.43,Urban
Odisha,30-11-2020,Monthly,13.36,9570656,38.74,Urban
Puducherry,31-01-2019,Monthly,10.69,13121568,47.41,Rural
Puducherry,28-02-2019,Monthly,9.44,13221491,45.72,Rural
Puducherry,31-03-2019,Monthly,8.63,13278801,43.63,Rural
Puducherry,30-04-2019,Monthly,9.84,13157313,45.87,Rural
Puducherry,31-05-2019,Monthly,8.63,13238833,44.94,Rural
Puducherry,30-06-2019,Monthly,11.82,13155329,45.4,Rural
Puducherry,31-07-2019,Monthly,11.23,13165543,45.1,Rural
Puducherry,31-08-2019,Monthly,11.2,13135409,44.59,Rural
Puducherry,30-09-2019,Monthly,9.31,13096680,44.58,Rural
Puducherry,31-10-2019,Monthly,8.06,13315860,45.4,Rural
Puducherry,30-11-2019,Monthly,10.25,13114116,47.23,Rural
Puducherry,31-12-2019,Monthly,10.95,13104728,45.36,Rural
Puducherry,31-01-2020,Monthly,10.25,13188889,43.68,Rural
Puducherry,29-02-2020,Monthly,10.06,13150519,46.01,Rural
Puducherry,31-03-2020,Monthly,25.72,12520283,43.9,Rural
Puducherry,30-04-2020,Monthly,39.48,11875335,46.38,Rural
Puducherry,31-05-2020,Monthly,25.68,12510408,46.99,Rural
Puducherry,30-06-2020,Monthly,14.34,13045925,45.65,Rural
Puducherry,31-07-2020,Monthly,13.09,13000688,45.84,Rural
Puducherry,31-08-2020,Monthly,10.61,13171119,45.04,Rural
Puducherry,30-09-2020,Monthly,6.24,13296402,44.73,Rural
Puducherry,31-10-2020,Monthly,10.41,13158001,44.55,Rural
Puducherry,30-11-2020,Monthly,13.25,13052579,45.42,Rural
Puducherry,31-01-2019,Monthly,4.93,8987016,44.7,Urban
Puducherry,28-02-2019,Monthly,8.08,8848708,45.82,Urban
Puducherry,31-03-2019,Monthly,7.22,8879035,44.29,Urban
Puducherry,30-04-2019,Monthly,7.85,8854601,45.82,Urban
Puducherry,31-05-2019,Monthly,9.02,8824678,44.8,Urban
Puducherry,30-06-2019,Monthly,9.48,8810182,44.74,Urban
Puducherry,31-07-2019,Monthly,7.6,8963389,47.39,Urban
Puducherry,31-08-2019,Monthly,7.22,8837847,43.62,Urban
Puducherry,30-09-2019,Monthly,9.39,8905366,42.94,Urban
Puducherry,31-10-2019,Monthly,9.01,8907276,46.96,Urban
Puducherry,30-11-2019,Monthly,6.33,8905899,44.38,Urban
Puducherry,31-12-2019,Monthly,8.32,8879221,44.65,Urban
Puducherry,31-01-2020,Monthly,8.6,8974722,47.02,Urban
Puducherry,29-02-2020,Monthly,4.69,9089803,46.3,Urban
Puducherry,31-03-2020,Monthly,13.12,8715094,46.1,Urban
Puducherry,30-04-2020,Monthly,21.7,8568173,46.48,Urban
Puducherry,31-05-2020,Monthly,13.26,8721425,46.7,Urban
Puducherry,30-06-2020,Monthly,16.04,8714324,44.82,Urban
Puducherry,31-07-2020,Monthly,7.82,8859175,47.49,Urban
Puducherry,31-08-2020,Monthly,8.65,8846479,45.46,Urban
Puducherry,30-09-2020,Monthly,7.87,8920584,46.32,Urban
Puducherry,31-10-2020,Monthly,8.36,8897957,45.43,Urban
Puducherry,30-11-2020,Monthly,7.56,8911197,46.12,Urban
Punjab,31-01-2019,Monthly,,18956776,40.17,Rural
Punjab,28-02-2019,Monthly,7.01,18882833,39.7,Rural
Punjab,31-03-2019,Monthly,3.05,19082222,40.82,Rural
Punjab,30-04-2019,Monthly,7.45,18921398,37.91,Rural
Punjab,31-05-2019,Monthly,3.92,19048574,39.68,Rural
Punjab,30-06-2019,Monthly,5.5,19052776,38.61,Rural
Punjab,31-07-2019,Monthly,4.2,19119039,40.8,Rural
Punjab,31-08-2019,Monthly,6.05,18974604,42.72,Rural
Punjab,30-09-2019,Monthly,1.5,19251374,37.53,Rural
Punjab,31-10-2019,Monthly,7.0,18875050,38.66,Rural
Punjab,30-11-2019,Monthly,6.65,18785063,40.93,Rural
Punjab,31-12-2019,Monthly,5.39,18941500,37.44,Rural
Punjab,31-01-2020,Monthly,3.68,19138232,39.81,Rural
Punjab,29-02-2020,Monthly,3.17,19197489,40.24,Rural
Punjab,31-03-2020,Monthly,14.39,18479521,41.51,Rural
Punjab,30-04-2020,Monthly,17.06,18283913,37.31,Rural
Punjab,31-05-2020,Monthly,12.53,18589923,39.34,Rural
Punjab,30-06-2020,Monthly,11.41,18591264,39.5,Rural
Punjab,31-07-2020,Monthly,6.1,18896086,37.54,Rural
Punjab,31-08-2020,Monthly,7.69,18947798,39.38,Rural
Punjab,30-09-2020,Monthly,7.68,18772547,41.31,Rural
Punjab,31-10-2020,Monthly,7.46,18836610,42.0,Rural
Punjab,30-11-2020,Monthly,6.9,18984801,40.25,Rural
Punjab,31-01-2019,Monthly,4.14,7589190,37.33,Urban
Punjab,28-02-2019,Monthly,6.53,7556085,33.15,Urban
Punjab,31-03-2019,Monthly,2.94,7642390,35.44,Urban
Punjab,30-04-2019,Monthly,4.14,7657421,35.64,Urban
Punjab,31-05-2019,Monthly,3.43,7679896,34.68,Urban
Punjab,30-06-2019,Monthly,1.69,7663072,34.74,Urban
Punjab,31-07-2019,Monthly,4.29,7547332,34.23,Urban
Punjab,31-08-2019,Monthly,7.36,7526808,36.06,Urban
Punjab,30-09-2019,Monthly,5.5,7605071,34.42,Urban
Punjab,31-10-2019,Monthly,1.6,7773980,34.85,Urban
Punjab,30-11-2019,Monthly,3.49,7680893,34.98,Urban
Punjab,31-12-2019,Monthly,3.92,7611562,37.05,Urban
Punjab,31-01-2020,Monthly,4.65,7683966,35.18,Urban
Punjab,29-02-2020,Monthly,4.4,7594888,35.61,Urban
Punjab,31-03-2020,Monthly,10.19,7496390,35.76,Urban
Punjab,30-04-2020,Monthly,11.28,7483418,37.3,Urban
Punjab,31-05-2020,Monthly,8.38,7655671,35.37,Urban
Punjab,30-06-2020,Monthly,10.59,7535737,36.52,Urban
Punjab,31-07-2020,Monthly,3.45,7678322,32.81,Urban
Punjab,31-08-2020,Monthly,6.07,7619346,37.51,Urban
Punjab,30-09-2020,Monthly,6.44,7553379,35.37,Urban
Punjab,31-10-2020,Monthly,3.6,7729506,36.01,Urban
Punjab,30-11-2020,Monthly,5.58,7542455,35.21,Urban
Rajasthan,31-01-2019,Monthly,5.61,5920022,47.61,Rural
Rajasthan,28-02-2019,Monthly,10.35,5844028,48.0,Rural
Rajasthan,31-03-2019,Monthly,8.55,5809298,50.03,Rural
Rajasthan,30-04-2019,Monthly,8.24,5874890,49.63,Rural
Rajasthan,31-05-2019,Monthly,7.05,5810340,47.48,Rural
Rajasthan,30-06-2019,Monthly,9.31,5770963,47.59,Rural
Rajasthan,31-07-2019,Monthly,6.83,5824304,46.73,Rural
Rajasthan,31-08-2019,Monthly,4.64,5898499,44.31,Rural
Rajasthan,30-09-2019,Monthly,9.14,5784817,47.33,Rural
Rajasthan,31-10-2019,Monthly,4.79,5887830,46.43,Rural
Rajasthan,30-11-2019,Monthly,7.93,5876469,47.52,Rural
Rajasthan,31-12-2019,Monthly,5.86,5837950,48.29,Rural
Rajasthan,31-01-2020,Monthly,6.45,5847743,47.37,Rural
Rajasthan,29-02-2020,Monthly,5.37,5887079,47.46,Rural
Rajasthan,31-03-2020,Monthly,16.33,5569636,48.69,Rural
Rajasthan,30-04-2020,Monthly,24.24,5401270,46.92,Rural
Rajasthan,31-05-2020,Monthly,12.27,5721838,49.14,Rural
Rajasthan,30-06-2020,Monthly,17.42,5585713,46.63,Rural
Rajasthan,31-07-2020,Monthly,9.4,5772211,47.92,Rural
Rajasthan,31-08-2020,Monthly,12.99,5689835,45.73,Rural
Rajasthan,30-09-2020,Monthly,11.31,5767345,46.71,Rural
Rajasthan,31-10-2020,Monthly,7.78,5798107,48.6,Rural
Rajasthan,30-11-2020,Monthly,13.62,5636050,47.83,Rural
Rajasthan,31-01-2019,Monthly,10.46,3836033,42.72,Urban
Rajasthan,28-02-2019,Monthly,10.85,3767812,45.86,Urban
Rajasthan,31-03-2019,Monthly,9.35,3755936,43.97,Urban
Rajasthan,30-04-2019,Monthly,7.55,3779984,46.75,Urban
Rajasthan,31-05-2019,Monthly,8.58,3788850,43.89,Urban
Rajasthan,30-06-2019,Monthly,9.01,3805932,46.83,Urban
Rajasthan,31-07-2019,Monthly,10.2,3819066,44.09,Urban
Rajasthan,31-08-2019,Monthly,12.14,3793834,45.07,Urban
Rajasthan,30-09-2019,Monthly,13.39,3711254,43.5,Urban
Rajasthan,31-10-2019,Monthly,8.49,3801050,45.38,Urban
Rajasthan,30-11-2019,Monthly,9.89,3810744,45.53,Urban
Rajasthan,31-12-2019,Monthly,8.53,3791513,46.4,Urban
Rajasthan,31-01-2020,Monthly,13.81,3780839,45.44,Urban
Rajasthan,29-02-2020,Monthly,11.34,3771017,46.88,Urban
Rajasthan,31-03-2020,Monthly,25.9,3607715,45.61,Urban
Rajasthan,30-04-2020,Monthly,34.45,3452287,44.63,Urban
Rajasthan,31-05-2020,Monthly,,3736818,46.98,Urban
Rajasthan,30-06-2020,Monthly,24.18,3621771,43.59,Urban
Rajasthan,31-07-2020,Monthly,13.71,3796068,44.91,Urban
Rajasthan,31-08-2020,Monthly,14.11,3788544,45.25,Urban
Rajasthan,30-09-2020,Monthly,16.61,3763170,46.76,Urban
Rajasthan,31-10-2020,Monthly,18.09,3664722,45.05,Urban
Rajasthan,30-11-2020,Monthly,13.91,3834243,45.38,Urban
Sikkim,31-01-2019,Monthly,3.56,19924730,46.44,Rural
Sikkim,28-02-2019,Monthly,6.85,19796722,45.56,Rural
Sikkim,31-03-2019,Monthly,4.91,19849631,47.83,Rural
Sikkim,30-04-2019,Monthly,7.39,19714953,44.65,Rural
Sikkim,31-05-2019,Monthly,8.43,19603546,45.4,Rural
Sikkim,30-06-2019,Monthly,6.89,19702419,45.63,Rural
Sikkim,31-07-2019,Monthly,6.06,19831494,46.91,Rural
Sikkim,31-08-2019,Monthly,6.93,19666255,45.01,Rural
Sikkim,30-09-2019,Monthly,3.65,19938297,45.43,Rural
Sikkim,31-10-2019,Monthly,4.79,19852230,47.26,Rural
Sikkim,30-11-2019,Monthly,7.16,19755294,46.93,Rural
Sikkim,31-12-2019,Monthly,5.46,19773854,47.88,Rural
Sikkim,31-01-2020,Monthly,6.15,19899468,45.97,Rural
Sikkim,29-02-2020,Monthly,5.36,19830177,46.81,Rural
Sikkim,31-03-2020,Monthly,16.44,19195998,46.23,Rural
Sikkim,30-04-2020,Monthly,22.65,18810977,45.53,Rural
Sikkim,31-05-2020,Monthly,14.19,19343570,46.32,Rural
Sikkim,30-06-2020,Monthly,11.13,19477452,48.57,Rural
Sikkim,31-07-2020,Monthly,7.33,19697795,46.61,Rural
Sikkim,31-08-2020,Monthly,8.91,19626465,48.57,Rural
Sikkim,30-09-2020,Monthly,10.2,19536301,47.04,Rural
Sikkim,31-10-2020,Monthly,8.07,19696367,47.52,Rural
Sikkim,30-11-2020,Monthly,9.87,19548092,45.71,Rural
Sikkim,31-01-2019,Monthly,8.77,15920224,37.45,Urban
Sikkim,28-02-2019,Monthly,8.26,15855414,34.48,Urban
Sikkim,31-03-2019,Monthly,5.74,16036296,35.76,Urban
Sikkim,30-04-2019,Monthly,4.92,15992516,32.44,Urban
Sikkim,31-05-2019,Monthly,9.5,15993432,38.48,Urban
Sikkim,30-06-2019,Monthly,6.8,15935183,33.84,Urban
Sikkim,31-07-2019,Monthly,9.71,15789909,36.41,Urban
Sikkim,31-08-2019,Monthly,6.47,16070768,33.72,Urban
Sikkim,30-09-2019,Monthly,7.38,15833994,35.88,Urban
Sikkim,31-10-2019,Monthly,7.47,15931571,35.43,Urban
Sikkim,30-11-2019,Monthly,7.22,15924211,34.09,Urban
Sikkim,31-12-2019,Monthly,7.37,15969386,35.89,Urban
Sikkim,31-01-2020,Monthly,7.76,15866583,35.49,Urban
Sikkim,29-02-2020,Monthly,5.44,15955277,37.45,Urban
Sikkim,31-03-2020,Monthly,15.25,15612819,35.17,Urban
Sikkim,30-04-2020,Monthly,23.29,15126854,37.07,Urban
Sikkim,31-05-2020,Monthly,20.66,15299565,35.68,Urban
Sikkim,30-06-2020,Monthly,17.66,15351078,36.05,Urban
Sikkim,31-07-2020,Monthly,8.4,15918288,35.04,Urban
Sikkim,31-08-2020,Monthly,7.62,15883693,35.99,Urban
Sikkim,30-09-2020,Monthly,7.06,15859005,34.23,Urban
Sikkim,31-10-2020,Monthly,11.15,15796414,34.84,Urban
Sikkim,30-11-2020,Monthly,10.98,15751408,35.32,Urban
Tamil Nadu,31-01-2019,Monthly,7.4,11110505,37.68,Rural
Tamil Nadu,28-02-2019,Monthly,7.53,11140172,37.73,Rural
Tamil Nadu,31-03-2019,Monthly,7.07,11149780,37.27,Rural
Tamil Nadu,30-04-2019,Monthly,6.29,11150146,35.71,Rural
Tamil Nadu,31-05-2019,Monthly,4.35,11267124,36.39,Rural
Tamil Nadu,30-06-2019,Monthly,6.79,11247937,37.48,Rural
Tamil Nadu,31-07-2019,Monthly,5.35,11245936,36.44,Rural
Tamil Nadu,31-08-2019,Monthly,6.3,11167238,37.35,Rural
Tamil Nadu,30-09-2019,Monthly,5.38,11217713,36.99,Rural
Tamil Nadu,31-10-2019,Monthly,5.47,11240993,36.81,Rural
Tamil Nadu,30-11-2019,Monthly,5.57,11226522,36.66,Rural
Tamil Nadu,31-12-2019,Monthly,8.39,11101865,37.07,Rural
Tamil Nadu,31-01-2020,Monthly,,11124054,37.22,Rural
Tamil Nadu,29-02-2020,Monthly,5.24,11158596,39.05,Rural
Tamil Nadu,31-03-2020,Monthly,14.49,10931107,36.3,Rural
Tamil Nadu,30-04-2020,Monthly,15.84,10826851,36.23,Rural
Tamil Nadu,31-05-2020,Monthly,18.83,10804997,38.77,Rural
Tamil Nadu,30-06-2020,Monthly,12.36,11055526,37.29,Rural
Tamil Nadu,31-07-2020,Monthly,9.54,11026170,37.03,Rural
Tamil Nadu,31-08-2020,Monthly,8.74,11078698,35.8,Rural
Tamil Nadu,30-09-2020,Monthly,6.6,11142679,37.46,Rural
Tamil Nadu,31-10-2020,Monthly,7.09,11189022,37.21,Rural
Tamil Nadu,30-11-2020,Monthly,8.02,11216229,37.63,Rural
Tamil Nadu,31-01-2019,Monthly,10.8,5684809,35.72,Urban
Tamil Nadu,28-02-2019,Monthly,9.49,5756193,38.24,Urban
Tamil Nadu,31-03-2019,Monthly,11.49,5650763,37.26,Urban
Tamil Nadu,30-04-2019,Monthly,8.67,5816933,37.85,Urban
Tamil Nadu,31-05-2019,Monthly,7.99,5679876,37.3,Urban
Tamil Nadu,30-06-2019,Monthly,11.56,5746054,36.84,Urban
Tamil Nadu,31-07-2019,Monthly,9.71,5739421,38.7,Urban
Tamil Nadu,31-08-2019,Monthly,9.25,5795831,38.44,Urban
Tamil Nadu,30-09-2019,Monthly,10.07,5724862,37.34,Urban
Tamil Nadu,31-10-2019,Monthly,7.2,5900741,36.6,Urban
Tamil Nadu,30-11-2019,Monthly,10.55,5773421,36.61,Urban
Tamil Nadu,31-12-2019,Monthly,7.41,5753471,37.35,Urban
Tamil Nadu,31-01-2020,Monthly,10.07,5748296,38.15,Urban
Tamil Nadu,29-02-2020,Monthly,8.3,5831642,36.28,Urban
Tamil Nadu,31-03-2020,Monthly,20.61,5551969,37.09,Urban
Tamil Nadu,30-04-2020,Monthly,19.35,5528151,37.71,Urban
Tamil Nadu,31-05-2020,Monthly,18.24,5640854,39.33,Urban
Tamil Nadu,30-06-2020,Monthly,19.37,5630381,36.81,Urban
Tamil Nadu,31-07-2020,Monthly,13.11,5681097,36.57,Urban
Tamil Nadu,31-08-2020,Monthly,10.01,5829013,38.89,Urban
Tamil Nadu,30-09-2020,Monthly,10.38,5774033,38.01,Urban
Tamil Nadu,31-10-2020,Monthly,8.04,5776214,37.87,Urban
Tamil Nadu,30-11-2020,Monthly,14.49,5644979,36.76,Urban
Telangana,31-01-2019,Monthly,3.7,11408873,43.46,Rural
Telangana,28-02-2019,Monthly,5.17,11245541,42.55,Rural
Telangana,31-03-2019,Monthly,7.4,11251884,42.92,Rural
Telangana,30-04-2019,Monthly,2.83,11348062,43.55,Rural
Telangana,31-05-2019,Monthly,5.3,11206950,45.03,Rural
Telangana,30-06-2019,Monthly,6.78,11105735,43.82,Rural
Telangana,31-07-2019,Monthly,5.19,11235798,45.7,Rural
Telangana,31-08-2019,Monthly,3.09,11357465,41.35,Rural
Telangana,30-09-2019,Monthly,1.5,11391287,40.9,Rural
Telangana,31-10-2019,Monthly,4.4,11291787,43.07,Rural
Telangana,30-11-2019,Monthly,3.35,11324804,43.42,Rural
Telangana,31-12-2019,Monthly,5.19,11258210,41.48,Rural
Telangana,31-01-2020,Monthly,3.51,11352539,43.42,Rural
Telangana,29-02-2020,Monthly,2.57,11359048,42.59,Rural
Telangana,31-03-2020,Monthly,8.3,11127504,42.82,Rural
Telangana,30-04-2020,Monthly,13.86,10962564,42.73,Rural
Telangana,31-05-2020,Monthly,8.02,11205251,42.58,Rural
Telangana,30-06-2020,Monthly,9.23,11135410,43.0,Rural
Telangana,31-07-2020,Monthly,9.26,11163616,44.43,Rural
Telangana,31-08-2020,Monthly,3.63,11397803,43.26,Rural
Telangana,30-09-2020,Monthly,6.15,11219182,43.37,Rural
Telangana,31-10-2020,Monthly,5.71,11291703,46.04,Rural
Telangana,30-11-2020,Monthly,6.7,11190624,44.24,Rural
Telangana,31-01-2019,Monthly,8.84,3117583,49.67,Urban
Telangana,28-02-2019,Monthly,5.25,3224874,49.72,Urban
Telangana,31-03-2019,Monthly,3.66,3252941,49.17,Urban
Telangana,30-04-2019,Monthly,5.39,3228480,48.98,Urban
Telangana,31-05-2019,Monthly,3.22,3218586,49.81,Urban
Telangana,30-06-2019,Monthly,3.68,3175850,49.26,Urban
Telangana,31-07-2019,Monthly,6.83,3151728,49.59,Urban
Telangana,31-08-2019,Monthly,2.79,3208060,49.11,Urban
Telangana,30-09-2019,Monthly,4.64,3279249,47.16,Urban
Telangana,31-10-2019,Monthly,4.02,3176092,49.55,Urban
Telangana,30-11-2019,Monthly,4.3,3241600,49.55,Urban
Telangana,31-12-2019,Monthly,4.37,3206029,49.66,Urban
Telangana,31-01-2020,Monthly,5.23,3183906,49.72,Urban
Telangana,29-02-2020,Monthly,6.08,3219829,50.23,Urban
Telangana,31-03-2020,Monthly,10.22,3066059,48.52,Urban
Telangana,30-04-2020,Monthly,15.0,3069946,50.72,Urban
Telangana,31-05-2020,Monthly,9.39,3206441,48.52,Urban
Telangana,30-06-2020,Monthly,9.27,3256143,48.45,Urban
Telangana,31-07-2020,Monthly,6.54,3164710,47.19,Urban
Telangana,31-08-2020,Monthly,3.94,3118041,49.6,Urban
Telangana,30-09-2020,Monthly,6.44,3193201,48.14,Urban
Telangana,31-10-2020,Monthly,9.42,3114803,49.62,Urban
Telangana,30-11-2020,Monthly,1.5,3279358,50.98,Urban
Tripura,31-01-2019,Monthly,5.54,12159707,50.43,Rural
Tripura,28-02-2019,Monthly,7.15,12093235,51.01,Rural
Tripura,31-03-2019,Monthly,4.86,12179979,49.07,Rural
Tripura,30-04-2019,Monthly,5.14,12136043,49.64,Rural
Tripura,31-05-2019,Monthly,5.86,12136768,50.32,Rural
Tripura,30-06-2019,Monthly,3.67,12135765,49.82,Rural
Tripura,31-07-2019,Monthly,3.62,12270409,49.33,Rural
Tripura,31-08-2019,Monthly,3.68,12220851,51.5,Rural
Tripura,30-09-2019,Monthly,3.23,12196872,49.48,Rural
Tripura,31-10-2019,Monthly,5.68,12087843,49.61,Rural
Tripura,30-11-2019,Monthly,7.53,12068532,50.02,Rural
Tripura,31-12-2019,Monthly,3.26,12239180,48.36,Rural
Tripura,31-01-2020,Monthly,3.82,12220143,50.16,Rural
Tripura,29-02-2020,Monthly,4.62,12108217,52.85,Rural
Tripura,31-03-2020,Monthly,11.41,11863465,46.08,Rural
Tripura,30-04-2020,Monthly,12.49,11819342,50.41,Rural
Tripura,31-05-2020,Monthly,9.36,11986477,50.28,Rural
Tripura,30-06-2020,Monthly,4.81,12157536,49.38,Rural
Tripura,31-07-2020,Monthly,6.59,12027579,49.74,Rural
Tripura,31-08-2020,Monthly,5.61,12139937,47.71,Rural
Tripura,30-09-2020,Monthly,6.72,12025530,46.82,Rural
Tripura,31-10-2020,Monthly,6.37,12254283,49.64,Rural
Tripura,30-11-2020,Monthly,8.03,12088114,50.02,Rural
Tripura,31-01-2019,Monthly,8.02,8280389,45.17,Urban
Tripura,28-02-2019,Monthly,8.58,8419658,47.01,Urban
Tripura,31-03-2019,Monthly,10.52,8264812,47.42,Urban
Tripura,30-04-2019,Monthly,5.58,8422850,43.1,Urban
Tripura,31-05-2019,Monthly,11.02,8335226,46.84,Urban
Tripura,30-06-2019,Monthly,9.51,8330197,48.54,Urban
Tripura,31-07-2019,Monthly,9.48,8316443,45.52,Urban
Tripura,31-08-2019,Monthly,8.04,8385341,45.68,Urban
Tripura,30-09-2019,Monthly,8.08,8354008,47.17,Urban
Tripura,31-10-2019,Monthly,11.34,8286793,47.71,Urban
Tripura,30-11-2019,Monthly,6.34,8395100,45.95,Urban
Tripura,31-12-2019,Monthly,8.35,8250355,45.37,Urban
Tripura,31-01-2020,Monthly,7.5,8368495,47.02,Urban
Tripura,29-02-2020,Monthly,9.18,8331030,47.52,Urban
Tripura,31-03-2020,Monthly,21.98,7960900,46.83,Urban
Tripura,30-04-2020,Monthly,30.61,7745228,45.59,Urban
Tripura,31-05-2020,Monthly,26.01,7822106,46.33,Urban
Tripura,30-06-2020,Monthly,16.58,8082593,47.56,Urban
Tripura,31-07-2020,Monthly,,8165423,45.63,Urban
Tripura,31-08-2020,Monthly,13.2,8189523,45.88,Urban
Tripura,30-09-2020,Monthly,9.66,8284902,47.46,Urban
Tripura,31-10-2020,Monthly,8.38,8304650,48.42,Urban
Tripura,30-11-2020,Monthly,13.64,8193676,47.79,Urban
Uttar Pradesh,31-01-2019,Monthly,10.04,10912269,37.38,Rural
Uttar Pradesh,28-02-2019,Monthly,8.64,11011764,35.21,Rural
Uttar Pradesh,31-03-2019,Monthly,11.46,10849589,36.73,Rural
Uttar Pradesh,30-04-2019,Monthly,8.08,11004927,37.78,Rural
Uttar Pradesh,31-05-2019,Monthly,5.76,11046300,37.04,Rural
Uttar Pradesh,30-06-2019,Monthly,9.98,10935871,38.65,Rural
Uttar Pradesh,31-07-2019,Monthly,8.15,10902349,34.79,Rural
Uttar Pradesh,31-08-2019,Monthly,8.67,10906210,34.9,Rural
Uttar Pradesh,30-09-2019,Monthly,10.0,10954777,36.19,Rural
Uttar Pradesh,31-10-2019,Monthly,9.89,10902191,36.25,Rural
Uttar Pradesh,30-11-2019,Monthly,10.32,10967951,35.2,Rural
Uttar Pradesh,31-12-2019,Monthly,12.73,10831624,35.52,Rural
Uttar Pradesh,31-01-2020,Monthly,5.69,11037230,34.6,Rural
Uttar Pradesh,29-02-2020,Monthly,10.25,10885521,36.44,Rural
Uttar Pradesh,31-03-2020,Monthly,14.73,10861354,36.27,Rural
Uttar Pradesh,30-04-2020,Monthly,34.57,10110532,37.24,Rural
Uttar Pradesh,31-05-2020,Monthly,17.04,10661024,35.09,Rural
Uttar Pradesh,30-06-2020,Monthly,25.69,10445241,36.36,Rural
Uttar Pradesh,31-07-2020,Monthly,14.31,10746798,36.92,Rural
Uttar Pradesh,31-08-2020,Monthly,10.03,10934014,35.72,Rural
Uttar Pradesh,30-09-2020,Monthly,12.18,10892504,36.5,Rural
Uttar Pradesh,31-10-2020,Monthly,15.13,10763357,34.87,Rural
Uttar Pradesh,30-11-2020,Monthly,14.93,10794841,35.78,Rural
Uttar Pradesh,31-01-2019,Monthly,8.62,13119872,38.89,Urban
Uttar Pradesh,28-02-2019,Monthly,9.89,13173320,40.99,Urban
Uttar Pradesh,31-03-2019,Monthly,12.18,13010832,39.23,Urban
Uttar Pradesh,30-04-2019,Monthly,11.84,13105440,40.7,Urban
Uttar Pradesh,31-05-2019,Monthly,11.41,13077130,40.88,Urban
Uttar Pradesh,30-06-2019,Monthly,10.65,13103672,41.74,Urban
Uttar Pradesh,31-07-2019,Monthly,11.93,13049850,41.22,Urban
Uttar Pradesh,31-08-2019,Monthly,10.93,13003436,42.26,Urban
Uttar Pradesh,30-09-2019,Monthly,7.26,13255561,42.71,Urban
Uttar Pradesh,31-10-2019,Monthly,8.86,13222006,42.61,Urban
Uttar Pradesh,30-11-2019,Monthly,6.27,13292165,43.69,Urban
Uttar Pradesh,31-12-2019,Monthly,8.88,13137970,42.04,Urban
Uttar Pradesh,31-01-2020,Monthly,10.76,13149363,42.24,Urban
Uttar Pradesh,29-02-2020,Monthly,11.7,12962414,42.79,Urban
Uttar Pradesh,31-03-2020,Monthly,28.59,12404818,43.29,Urban
Uttar Pradesh,30-04-2020,Monthly,25.97,12451801,42.35,Urban
Uttar Pradesh,31-05-2020,Monthly,28.83,12358298,42.36,Urban
Uttar Pradesh,30-06-2020,Monthly,24.25,12600887,42.74,Urban
Uttar Pradesh,31-07-2020,Monthly,17.57,12786657,42.8,Urban
Uttar Pradesh,31-08-2020,Monthly,15.37,12894917,41.98,Urban
Uttar Pradesh,30-09-2020,Monthly,11.86,12999098,42.55,Urban
Uttar Pradesh,31-10-2020,Monthly,14.22,12945031,41.34,Urban
Uttar Pradesh,30-11-2020,Monthly,15.14,12952352,41.89,Urban
Uttarakhand,31-01-2019,Monthly,5.93,17683655,37.53,Rural
Uttarakhand,28-02-2019,Monthly,6.71,17569314,38.44,Rural
Uttarakhand,31-03-2019,Monthly,3.41,17667625,36.59,Rural
Uttarakhand,30-04-2019,Monthly,6.44,17597229,38.14,Rural
Uttarakhand,31-05-2019,Monthly,5.59,17631344,39.28,Rural
Uttarakhand,30-06-2019,Monthly,5.34,17585106,37.78,Rural
Uttarakhand,31-07-2019,Monthly,4.6,17625641,37.99,Rural
Uttarakhand,31-08-2019,Monthly,5.12,17586150,39.14,Rural
Uttarakhand,30-09-2019,Monthly,3.82,17766927,39.09,Rural
Uttarakhand,31-10-2019,Monthly,8.56,17510103,40.25,Rural
Uttarakhand,30-11-2019,Monthly,4.73,17636744,38.69,Rural
Uttarakhand,31-12-2019,Monthly,7.11,17590879,39.93,Rural
Uttarakhand,31-01-2020,Monthly,7.03,17508776,38.75,Rural
Uttarakhand,29-02-2020,Monthly,5.35,17707141,36.85,Rural
Uttarakhand,31-03-2020,Monthly,9.25,17391434,38.94,Rural
Uttarakhand,30-04-2020,Monthly,,17126814,38.21,Rural
Uttarakhand,31-05-2020,Monthly,17.06,17043453,39.54,Rural
Uttarakhand,30-06-2020,Monthly,8.04,17558854,36.78,Rural
Uttarakhand,31-07-2020,Monthly,5.26,17668573,37.21,Rural
Uttarakhand,31-08-2020,Monthly,9.81,17379000,39.01,Rural
Uttarakhand,30-09-2020,Monthly,9.09,17368459,40.24,Rural
Uttarakhand,31-10-2020,Monthly,6.06,17567468,37.47,Rural
Uttarakhand,30-11-2020,Monthly,7.16,17504444,37.59,Rural
Uttarakhand,31-01-2019,Monthly,6.24,17360697,45.44,Urban
Uttarakhand,28-02-2019,Monthly,6.96,17357574,45.92,Urban
Uttarakhand,31-03-2019,Monthly,6.61,17420423,45.55,Urban
Uttarakhand,30-04-2019,Monthly,8.12,17220132,44.21,Urban
Uttarakhand,31-05-2019,Monthly,5.89,17407218,44.63,Urban
Uttarakhand,30-06-2019,Monthly,9.44,17203143,45.56,Urban
Uttarakhand,31-07-2019,Monthly,6.9,17435683,46.02,Urban
Uttarakhand,31-08-2019,Monthly,5.47,17396462,43.39,Urban
Uttarakhand,30-09-2019,Monthly,8.47,17342563,43.83,Urban
Uttarakhand,31-10-2019,Monthly,4.26,17607975,44.16,Urban
Uttarakhand,30-11-2019,Monthly,6.59,17347728,46.52,Urban
Uttarakhand,31-12-2019,Monthly,8.21,17255653,42.82,Urban
Uttarakhand,31-01-2020,Monthly,6.83,17412455,44.96,Urban
Uttarakhand,29-02-2020,Monthly,7.47,17303867,43.73,Urban
Uttarakhand,31-03-2020,Monthly,19.0,16736828,42.98,Urban
Uttarakhand,30-04-2020,Monthly,19.16,16711070,47.77,Urban
Uttarakhand,31-05-2020,Monthly,18.65,16717991,46.11,Urban
Uttarakhand,30-06-2020,Monthly,17.59,16917534,44.25,Urban
Uttarakhand,31-07-2020,Monthly,6.18,17379776,45.2,Urban
Uttarakhand,31-08-2020,Monthly,13.94,17007505,43.16,Urban
Uttarakhand,30-09-2020,Monthly,8.86,17262036,43.48,Urban
Uttarakhand,31-10-2020,Monthly,7.88,17336209,44.06,Urban
Uttarakhand,30-11-2020,Monthly,8.8,17220838,46.44,Urban
West Bengal,31-01-2019,Monthly,9.52,6411790,50.34,Rural
West Bengal,28-02-2019,Monthly,5.93,6611910,50.65,Rural
West Bengal,31-03-2019,Monthly,9.85,6499306,49.49,Rural
West Bengal,30-04-2019,Monthly,6.66,6595585,51.12,Rural
West Bengal,31-05-2019,Monthly,6.24,6511627,48.04,Rural
West Bengal,30-06-2019,Monthly,6.24,6495560,48.27,Rural
West Bengal,31-07-2019,Monthly,8.36,6542963,49.54,Rural
West Bengal,31-08-2019,Monthly,8.55,6488609,49.92,Rural
West Bengal,30-09-2019,Monthly,6.95,6472633,50.57,Rural
West Bengal,31-10-2019,Monthly,8.76,6502445,50.47,Rural
West Bengal,30-11-2019,Monthly,10.23,6477183,49.04,Rural
West Bengal,31-12-2019,Monthly,9.77,6465182,50.69,Rural
West Bengal,31-01-2020,Monthly,12.82,6486396,50.64,Rural
West Bengal,29-02-2020,Monthly,8.71,6407950,52.3,Rural
West Bengal,31-03-2020,Monthly,19.84,6261989,51.68,Rural
West Bengal,30-04-2020,Monthly,25.04,6202474,48.61,Rural
West Bengal,31-05-2020,Monthly,16.77,6395867,48.82,Rural
West Bengal,30-06-2020,Monthly,20.82,6305178,49.02,Rural
West Bengal,31-07-2020,Monthly,12.28,6458750,51.69,Rural
West Bengal,31-08-2020,Monthly,9.06,6602525,52.2,Rural
West Bengal,30-09-2020,Monthly,10.97,6451467,49.49,Rural
West Bengal,31-10-2020,Monthly,11.9,6465220,48.98,Rural
West Bengal,30-11-2020,Monthly,7.12,6605531,48.97,Rural
West Bengal,31-01-2019,Monthly,11.22,6265540,46.0,Urban
West Bengal,28-02-2019,Monthly,9.66,6303797,45.22,Urban
West Bengal,31-03-2019,Monthly,9.53,6380674,45.73,Urban
West Bengal,30-04-2019,Monthly,10.83,6306521,41.77,Urban
West Bengal,31-05-2019,Monthly,7.86,6395091,46.05,Urban
West Bengal,30-06-2019,Monthly,8.7,6260041,43.9,Urban
West Bengal,31-07-2019,Monthly,10.55,6223882,45.5,Urban
West Bengal,31-08-2019,Monthly,6.71,6377653,43.43,Urban
West Bengal,30-09-2019,Monthly,7.26,6417209,43.37,Urban
West Bengal,31-10-2019,Monthly,8.13,6273646,45.59,Urban
West Bengal,30-11-2019,Monthly,9.02,6345257,43.79,Urban
West Bengal,31-12-2019,Monthly,10.82,6276588,45.64,Urban
West Bengal,31-01-2020,Monthly,9.36,6389552,43.41,Urban
West Bengal,29-02-2020,Monthly,7.77,6403642,45.3,Urban
West Bengal,31-03-2020,Monthly,25.61,6064515,45.37,Urban
West Bengal,30-04-2020,Monthly,22.08,6035918,46.52,Urban
West Bengal,31-05-2020,Monthly,22.06,6148911,44.44,Urban
West Bengal,30-06-2020,Monthly,23.04,6090788,45.77,Urban
West Bengal,31-07-2020,Monthly,13.63,6244587,44.79,Urban
West Bengal,31-08-2020,Monthly,12.11,6377877,45.47,Urban
West Bengal,30-09-2020,Monthly,12.95,6339662,46.34,Urban
West Bengal,31-10-2020,Monthly,10.93,6306599,46.06,Urban
West Bengal,30-11-2020,Monthly,11.38,6180884,48.76,Urban
