Category,Message
ham,Happy birthday! Hope you have a wonderful day ahead. (Ref: 500)
ham,What time does the movie start tonight? (Ref: 924)
ham,"I'll be home late tonight, don't wait up for dinner. (Ref: 760)"
ham,Let's catch up over coffee this weekend. (Ref: 897)
ham,"I'm stuck in traffic, will be there in about 15 minutes. (Ref: 157)"
ham,Happy birthday! Hope you have a wonderful day ahead. (Ref: 203)
ham,What time does the movie start tonight? (Ref: 935)
ham,Did you see the latest news update regarding the project policy? (Ref: 407)
spam,You have 1 unread urgent voice message. Call 08712400657 to retrieve your audio note now. Code: 8970
ham,Call me when you are free to discuss the budget allocation. (Ref: 835)
spam,Double your Bitcoin in 24 hours! Guaranteed returns on crypto investment. Deposit now. Code: 9173
ham,Let's catch up over coffee this weekend. (Ref: 132)
ham,"Hey, are we still meeting for lunch today at 1 pm? (Ref: 789)"
spam,Double your Bitcoin in 24 hours! Guaranteed returns on crypto investment. Deposit now. Code: 4741
spam,URGENT! You have won a $1000 Walmart gift card! Claim now at http://bit.ly/claim-prize Code: 8657
spam,Free entry in 2 a wk weekly competition to win $500 cash! Text WIN to 80082 today. Code: 6468
ham,Don't forget to submit the assignment before midnight. (Ref: 573)
spam,You have 1 unread urgent voice message. Call 08712400657 to retrieve your audio note now. Code: 1390
spam,URGENT! You have won a $1000 Walmart gift card! Claim now at http://bit.ly/claim-prize Code: 5243
ham,"Just checked the code changes, everything looks good to merge. (Ref: 951)"
ham,Could you pick up some groceries on your way back from work? (Ref: 912)
ham,The team meeting has been rescheduled to Thursday at 10 AM. (Ref: 198)
ham,Don't forget to submit the assignment before midnight. (Ref: 168)
ham,Please find attached the receipt for your recent purchase. (Ref: 225)
ham,Don't forget to submit the assignment before midnight. (Ref: 928)
ham,Call me when you are free to discuss the budget allocation. (Ref: 738)
ham,Call me when you are free to discuss the budget allocation. (Ref: 798)
spam,ALERT: Your package delivery is pending due to unpaid customs fee of $2.99. Pay now at http://track-package-delivery.info Code: 3382
spam,You have 1 unread urgent voice message. Call 08712400657 to retrieve your audio note now. Code: 9502
spam,Earn $5000 a week working from home with zero experience needed! Click link to start Code: 7881
ham,Don't forget to submit the assignment before midnight. (Ref: 556)
ham,Can you please send me the updated project report when you get a chance? (Ref: 152)
ham,Did you see the latest news update regarding the project policy? (Ref: 814)
ham,"I'm stuck in traffic, will be there in about 15 minutes. (Ref: 833)"
ham,Could you pick up some groceries on your way back from work? (Ref: 466)
ham,"Hey, are we still meeting for lunch today at 1 pm? (Ref: 787)"
ham,Call me when you are free to discuss the budget allocation. (Ref: 519)
ham,"Hey, are we still meeting for lunch today at 1 pm? (Ref: 624)"
spam,Congratulations! You are selected for a free iPhone 15 Pro. Reply WIN to claim immediately. Code: 9684
ham,Let's catch up over coffee this weekend. (Ref: 287)
ham,Please find attached the receipt for your recent purchase. (Ref: 496)
ham,Don't forget to submit the assignment before midnight. (Ref: 506)
ham,Could you pick up some groceries on your way back from work? (Ref: 861)
spam,"Get loan up to $50,000 with 0% interest instantly! No credit check required. Reply APPLY Code: 4998"
ham,Don't forget to submit the assignment before midnight. (Ref: 146)
ham,Did you see the latest news update regarding the project policy? (Ref: 886)
spam,Exclusive offer: Get 90% off on designer watches and sunglasses today only! Visit http://cheap-luxury.shop Code: 9202
ham,Don't forget to submit the assignment before midnight. (Ref: 761)
ham,Let's catch up over coffee this weekend. (Ref: 507)
spam,FINAL NOTICE: Your bank account has been locked. Verify your credentials now at http://secure-bank-login.com Code: 2386
ham,Call me when you are free to discuss the budget allocation. (Ref: 102)
spam,You have 1 unread urgent voice message. Call 08712400657 to retrieve your audio note now. Code: 9238
ham,Could you pick up some groceries on your way back from work? (Ref: 937)
ham,Don't forget to submit the assignment before midnight. (Ref: 127)
ham,"I'm stuck in traffic, will be there in about 15 minutes. (Ref: 786)"
ham,The team meeting has been rescheduled to Thursday at 10 AM. (Ref: 266)
ham,What time does the movie start tonight? (Ref: 980)
ham,What time does the movie start tonight? (Ref: 408)
ham,"Hey, are we still meeting for lunch today at 1 pm? (Ref: 401)"
spam,Free entry in 2 a wk weekly competition to win $500 cash! Text WIN to 80082 today. Code: 7809
ham,"I'll be home late tonight, don't wait up for dinner. (Ref: 185)"
ham,Let's catch up over coffee this weekend. (Ref: 801)
ham,Let's catch up over coffee this weekend. (Ref: 781)
ham,Did you see the latest news update regarding the project policy? (Ref: 580)
ham,Thanks for your help with the presentation yesterday! (Ref: 449)
ham,"I'm stuck in traffic, will be there in about 15 minutes. (Ref: 295)"
ham,Don't forget to submit the assignment before midnight. (Ref: 104)
spam,URGENT! You have won a $1000 Walmart gift card! Claim now at http://bit.ly/claim-prize Code: 4004
ham,"I'll be home late tonight, don't wait up for dinner. (Ref: 518)"
ham,Please find attached the receipt for your recent purchase. (Ref: 633)
ham,Let's catch up over coffee this weekend. (Ref: 655)
ham,Could you pick up some groceries on your way back from work? (Ref: 773)
ham,Did you see the latest news update regarding the project policy? (Ref: 569)
ham,Did you see the latest news update regarding the project policy? (Ref: 408)
ham,Did you see the latest news update regarding the project policy? (Ref: 680)
ham,Please find attached the receipt for your recent purchase. (Ref: 984)
ham,"Just checked the code changes, everything looks good to merge. (Ref: 236)"
ham,Let's catch up over coffee this weekend. (Ref: 608)
ham,Did you see the latest news update regarding the project policy? (Ref: 327)
ham,Don't forget to submit the assignment before midnight. (Ref: 122)
ham,"I'll be home late tonight, don't wait up for dinner. (Ref: 138)"
ham,Let's catch up over coffee this weekend. (Ref: 747)
ham,"I'm stuck in traffic, will be there in about 15 minutes. (Ref: 758)"
ham,Happy birthday! Hope you have a wonderful day ahead. (Ref: 162)
ham,"Hey, are we still meeting for lunch today at 1 pm? (Ref: 995)"
ham,Can you please send me the updated project report when you get a chance? (Ref: 177)
spam,ALERT: Your package delivery is pending due to unpaid customs fee of $2.99. Pay now at http://track-package-delivery.info Code: 6126
ham,What time does the movie start tonight? (Ref: 811)
spam,Double your Bitcoin in 24 hours! Guaranteed returns on crypto investment. Deposit now. Code: 2205
ham,"Just checked the code changes, everything looks good to merge. (Ref: 655)"
ham,Call me when you are free to discuss the budget allocation. (Ref: 832)
ham,Please find attached the receipt for your recent purchase. (Ref: 831)
ham,Could you pick up some groceries on your way back from work? (Ref: 884)
ham,"I'll be home late tonight, don't wait up for dinner. (Ref: 991)"
spam,WINNER! Guarantee 1000 cash or $2000 gift certificate. Call 09061701461 to claim your reward. Code: 8776
ham,Call me when you are free to discuss the budget allocation. (Ref: 111)
spam,Exclusive offer: Get 90% off on designer watches and sunglasses today only! Visit http://cheap-luxury.shop Code: 7704
ham,"Just checked the code changes, everything looks good to merge. (Ref: 492)"
ham,"Hey, are we still meeting for lunch today at 1 pm? (Ref: 956)"
spam,You have 1 unread urgent voice message. Call 08712400657 to retrieve your audio note now. Code: 2622
ham,Could you pick up some groceries on your way back from work? (Ref: 401)
ham,Happy birthday! Hope you have a wonderful day ahead. (Ref: 762)
spam,"Get loan up to $50,000 with 0% interest instantly! No credit check required. Reply APPLY Code: 3736"
ham,Could you pick up some groceries on your way back from work? (Ref: 674)
ham,Please find attached the receipt for your recent purchase. (Ref: 358)
ham,"Hey, are we still meeting for lunch today at 1 pm? (Ref: 876)"
ham,Happy birthday! Hope you have a wonderful day ahead. (Ref: 449)
spam,Exclusive offer: Get 90% off on designer watches and sunglasses today only! Visit http://cheap-luxury.shop Code: 7183
ham,The team meeting has been rescheduled to Thursday at 10 AM. (Ref: 671)
spam,Hot singles in your area are waiting for you! Click here to chat now completely free. Code: 8832
ham,"Just checked the code changes, everything looks good to merge. (Ref: 142)"
spam,Congratulations! You are selected for a free iPhone 15 Pro. Reply WIN to claim immediately. Code: 6475
spam,Congratulations! You are selected for a free iPhone 15 Pro. Reply WIN to claim immediately. Code: 2435
spam,Congratulations! You are selected for a free iPhone 15 Pro. Reply WIN to claim immediately. Code: 9428
ham,Call me when you are free to discuss the budget allocation. (Ref: 866)
ham,"I'm stuck in traffic, will be there in about 15 minutes. (Ref: 242)"
ham,"I'll be home late tonight, don't wait up for dinner. (Ref: 211)"
spam,Congratulations! You are selected for a free iPhone 15 Pro. Reply WIN to claim immediately. Code: 6343
ham,Thanks for your help with the presentation yesterday! (Ref: 795)
ham,Call me when you are free to discuss the budget allocation. (Ref: 175)
spam,Exclusive offer: Get 90% off on designer watches and sunglasses today only! Visit http://cheap-luxury.shop Code: 8138
ham,What time does the movie start tonight? (Ref: 312)
ham,Happy birthday! Hope you have a wonderful day ahead. (Ref: 649)
ham,"Hey, are we still meeting for lunch today at 1 pm? (Ref: 791)"
ham,Can you please send me the updated project report when you get a chance? (Ref: 884)
ham,"Hey, are we still meeting for lunch today at 1 pm? (Ref: 966)"
ham,Let's catch up over coffee this weekend. (Ref: 636)
ham,Can you please send me the updated project report when you get a chance? (Ref: 639)
spam,URGENT! You have won a $1000 Walmart gift card! Claim now at http://bit.ly/claim-prize Code: 1329
spam,Congratulations! You are selected for a free iPhone 15 Pro. Reply WIN to claim immediately. Code: 7852
ham,Please find attached the receipt for your recent purchase. (Ref: 840)
spam,You have 1 unread urgent voice message. Call 08712400657 to retrieve your audio note now. Code: 8715
ham,Don't forget to submit the assignment before midnight. (Ref: 671)
spam,Congratulations! You are selected for a free iPhone 15 Pro. Reply WIN to claim immediately. Code: 8437
ham,"Just checked the code changes, everything looks good to merge. (Ref: 982)"
ham,Happy birthday! Hope you have a wonderful day ahead. (Ref: 824)
ham,"Hey, are we still meeting for lunch today at 1 pm? (Ref: 918)"
ham,Let's catch up over coffee this weekend. (Ref: 257)
ham,Let's catch up over coffee this weekend. (Ref: 666)
ham,Don't forget to submit the assignment before midnight. (Ref: 589)
ham,Can you please send me the updated project report when you get a chance? (Ref: 489)
ham,Thanks for your help with the presentation yesterday! (Ref: 420)
ham,Happy birthday! Hope you have a wonderful day ahead. (Ref: 927)
ham,Don't forget to submit the assignment before midnight. (Ref: 929)
spam,ALERT: Your package delivery is pending due to unpaid customs fee of $2.99. Pay now at http://track-package-delivery.info Code: 8980
spam,WINNER! Guarantee 1000 cash or $2000 gift certificate. Call 09061701461 to claim your reward. Code: 2165
spam,Exclusive offer: Get 90% off on designer watches and sunglasses today only! Visit http://cheap-luxury.shop Code: 3679
ham,Please find attached the receipt for your recent purchase. (Ref: 927)
spam,Double your Bitcoin in 24 hours! Guaranteed returns on crypto investment. Deposit now. Code: 7981
ham,"I'll be home late tonight, don't wait up for dinner. (Ref: 479)"
ham,Don't forget to submit the assignment before midnight. (Ref: 428)
ham,Call me when you are free to discuss the budget allocation. (Ref: 919)
spam,ALERT: Your package delivery is pending due to unpaid customs fee of $2.99. Pay now at http://track-package-delivery.info Code: 1294
ham,Thanks for your help with the presentation yesterday! (Ref: 540)
spam,WINNER! Guarantee 1000 cash or $2000 gift certificate. Call 09061701461 to claim your reward. Code: 5876
ham,Happy birthday! Hope you have a wonderful day ahead. (Ref: 900)
ham,What time does the movie start tonight? (Ref: 936)
ham,What time does the movie start tonight? (Ref: 258)
ham,Let's catch up over coffee this weekend. (Ref: 592)
spam,Hot singles in your area are waiting for you! Click here to chat now completely free. Code: 8686
ham,Don't forget to submit the assignment before midnight. (Ref: 617)
spam,Double your Bitcoin in 24 hours! Guaranteed returns on crypto investment. Deposit now. Code: 1951
ham,"I'm stuck in traffic, will be there in about 15 minutes. (Ref: 335)"
ham,Can you please send me the updated project report when you get a chance? (Ref: 433)
spam,Hot singles in your area are waiting for you! Click here to chat now completely free. Code: 5090
ham,Can you please send me the updated project report when you get a chance? (Ref: 395)
ham,"I'm stuck in traffic, will be there in about 15 minutes. (Ref: 319)"
ham,The team meeting has been rescheduled to Thursday at 10 AM. (Ref: 196)
ham,"Hey, are we still meeting for lunch today at 1 pm? (Ref: 424)"
ham,Thanks for your help with the presentation yesterday! (Ref: 901)
ham,Please find attached the receipt for your recent purchase. (Ref: 798)
ham,Don't forget to submit the assignment before midnight. (Ref: 122)
ham,Could you pick up some groceries on your way back from work? (Ref: 447)
spam,Free entry in 2 a wk weekly competition to win $500 cash! Text WIN to 80082 today. Code: 2265
ham,"I'll be home late tonight, don't wait up for dinner. (Ref: 784)"
ham,Thanks for your help with the presentation yesterday! (Ref: 495)
ham,Call me when you are free to discuss the budget allocation. (Ref: 953)
ham,Could you pick up some groceries on your way back from work? (Ref: 441)
spam,You have 1 unread urgent voice message. Call 08712400657 to retrieve your audio note now. Code: 2409
ham,Can you please send me the updated project report when you get a chance? (Ref: 920)
ham,What time does the movie start tonight? (Ref: 217)
ham,Happy birthday! Hope you have a wonderful day ahead. (Ref: 625)
ham,Please find attached the receipt for your recent purchase. (Ref: 792)
ham,Don't forget to submit the assignment before midnight. (Ref: 549)
spam,Congratulations! You are selected for a free iPhone 15 Pro. Reply WIN to claim immediately. Code: 5150
ham,"Hey, are we still meeting for lunch today at 1 pm? (Ref: 484)"
ham,Please find attached the receipt for your recent purchase. (Ref: 378)
ham,"I'll be home late tonight, don't wait up for dinner. (Ref: 175)"
spam,Exclusive offer: Get 90% off on designer watches and sunglasses today only! Visit http://cheap-luxury.shop Code: 1892
ham,Can you please send me the updated project report when you get a chance? (Ref: 309)
spam,ALERT: Your package delivery is pending due to unpaid customs fee of $2.99. Pay now at http://track-package-delivery.info Code: 1954
spam,Earn $5000 a week working from home with zero experience needed! Click link to start Code: 1645
ham,What time does the movie start tonight? (Ref: 671)
ham,Let's catch up over coffee this weekend. (Ref: 982)
ham,"Hey, are we still meeting for lunch today at 1 pm? (Ref: 611)"
ham,"I'm stuck in traffic, will be there in about 15 minutes. (Ref: 550)"
ham,Can you please send me the updated project report when you get a chance? (Ref: 134)
ham,"Hey, are we still meeting for lunch today at 1 pm? (Ref: 383)"
ham,What time does the movie start tonight? (Ref: 421)
ham,"I'm stuck in traffic, will be there in about 15 minutes. (Ref: 827)"
ham,Call me when you are free to discuss the budget allocation. (Ref: 120)
ham,The team meeting has been rescheduled to Thursday at 10 AM. (Ref: 294)
ham,"Just checked the code changes, everything looks good to merge. (Ref: 941)"
ham,Could you pick up some groceries on your way back from work? (Ref: 903)
spam,Congratulations! You are selected for a free iPhone 15 Pro. Reply WIN to claim immediately. Code: 4067
ham,Thanks for your help with the presentation yesterday! (Ref: 381)
ham,"I'll be home late tonight, don't wait up for dinner. (Ref: 362)"
spam,URGENT! You have won a $1000 Walmart gift card! Claim now at http://bit.ly/claim-prize Code: 9173
ham,"I'll be home late tonight, don't wait up for dinner. (Ref: 990)"
spam,Earn $5000 a week working from home with zero experience needed! Click link to start Code: 8184
ham,Happy birthday! Hope you have a wonderful day ahead. (Ref: 228)
ham,What time does the movie start tonight? (Ref: 515)
spam,Congratulations! You are selected for a free iPhone 15 Pro. Reply WIN to claim immediately. Code: 8878
spam,Hot singles in your area are waiting for you! Click here to chat now completely free. Code: 9041
ham,"Hey, are we still meeting for lunch today at 1 pm? (Ref: 395)"
ham,Please find attached the receipt for your recent purchase. (Ref: 598)
ham,"I'm stuck in traffic, will be there in about 15 minutes. (Ref: 509)"
ham,"I'm stuck in traffic, will be there in about 15 minutes. (Ref: 499)"
spam,Free entry in 2 a wk weekly competition to win $500 cash! Text WIN to 80082 today. Code: 3032
ham,Thanks for your help with the presentation yesterday! (Ref: 391)
ham,Thanks for your help with the presentation yesterday! (Ref: 388)
ham,"I'm stuck in traffic, will be there in about 15 minutes. (Ref: 712)"
spam,Congratulations! You are selected for a free iPhone 15 Pro. Reply WIN to claim immediately. Code: 3403
ham,Let's catch up over coffee this weekend. (Ref: 261)
spam,You have 1 unread urgent voice message. Call 08712400657 to retrieve your audio note now. Code: 5278
ham,"Just checked the code changes, everything looks good to merge. (Ref: 171)"
ham,Don't forget to submit the assignment before midnight. (Ref: 937)
ham,Can you please send me the updated project report when you get a chance? (Ref: 195)
spam,Congratulations! You are selected for a free iPhone 15 Pro. Reply WIN to claim immediately. Code: 5346
ham,"I'll be home late tonight, don't wait up for dinner. (Ref: 766)"
ham,Please find attached the receipt for your recent purchase. (Ref: 860)
spam,Exclusive offer: Get 90% off on designer watches and sunglasses today only! Visit http://cheap-luxury.shop Code: 7353
ham,Don't forget to submit the assignment before midnight. (Ref: 813)
ham,"I'll be home late tonight, don't wait up for dinner. (Ref: 982)"
ham,"I'm stuck in traffic, will be there in about 15 minutes. (Ref: 341)"
ham,Can you please send me the updated project report when you get a chance? (Ref: 487)
ham,"I'll be home late tonight, don't wait up for dinner. (Ref: 971)"
spam,Exclusive offer: Get 90% off on designer watches and sunglasses today only! Visit http://cheap-luxury.shop Code: 3139
ham,Thanks for your help with the presentation yesterday! (Ref: 260)
ham,Call me when you are free to discuss the budget allocation. (Ref: 948)
ham,Please find attached the receipt for your recent purchase. (Ref: 120)
ham,"I'll be home late tonight, don't wait up for dinner. (Ref: 537)"
ham,The team meeting has been rescheduled to Thursday at 10 AM. (Ref: 265)
spam,ALERT: Your package delivery is pending due to unpaid customs fee of $2.99. Pay now at http://track-package-delivery.info Code: 5177
ham,"I'm stuck in traffic, will be there in about 15 minutes. (Ref: 833)"
ham,"I'm stuck in traffic, will be there in about 15 minutes. (Ref: 430)"
ham,Can you please send me the updated project report when you get a chance? (Ref: 146)
ham,Call me when you are free to discuss the budget allocation. (Ref: 506)
ham,"I'll be home late tonight, don't wait up for dinner. (Ref: 868)"
ham,Can you please send me the updated project report when you get a chance? (Ref: 195)
ham,"Hey, are we still meeting for lunch today at 1 pm? (Ref: 838)"
spam,ALERT: Your package delivery is pending due to unpaid customs fee of $2.99. Pay now at http://track-package-delivery.info Code: 9073
spam,Exclusive offer: Get 90% off on designer watches and sunglasses today only! Visit http://cheap-luxury.shop Code: 8970
spam,Congratulations! You are selected for a free iPhone 15 Pro. Reply WIN to claim immediately. Code: 1130
ham,"Hey, are we still meeting for lunch today at 1 pm? (Ref: 610)"
ham,"Just checked the code changes, everything looks good to merge. (Ref: 712)"
ham,Don't forget to submit the assignment before midnight. (Ref: 896)
spam,Free entry in 2 a wk weekly competition to win $500 cash! Text WIN to 80082 today. Code: 1145
spam,Hot singles in your area are waiting for you! Click here to chat now completely free. Code: 5805
ham,"I'll be home late tonight, don't wait up for dinner. (Ref: 314)"
ham,Happy birthday! Hope you have a wonderful day ahead. (Ref: 396)
ham,Did you see the latest news update regarding the project policy? (Ref: 276)
ham,Call me when you are free to discuss the budget allocation. (Ref: 848)
ham,Let's catch up over coffee this weekend. (Ref: 719)
ham,The team meeting has been rescheduled to Thursday at 10 AM. (Ref: 897)
spam,Earn $5000 a week working from home with zero experience needed! Click link to start Code: 8982
spam,WINNER! Guarantee 1000 cash or $2000 gift certificate. Call 09061701461 to claim your reward. Code: 2308
ham,Did you see the latest news update regarding the project policy? (Ref: 733)
ham,Could you pick up some groceries on your way back from work? (Ref: 753)
ham,Don't forget to submit the assignment before midnight. (Ref: 262)
ham,Can you please send me the updated project report when you get a chance? (Ref: 447)
ham,"Just checked the code changes, everything looks good to merge. (Ref: 748)"
spam,FINAL NOTICE: Your bank account has been locked. Verify your credentials now at http://secure-bank-login.com Code: 1920
ham,"I'm stuck in traffic, will be there in about 15 minutes. (Ref: 982)"
ham,Let's catch up over coffee this weekend. (Ref: 951)
ham,Happy birthday! Hope you have a wonderful day ahead. (Ref: 230)
ham,Happy birthday! Hope you have a wonderful day ahead. (Ref: 234)
ham,What time does the movie start tonight? (Ref: 602)
ham,What time does the movie start tonight? (Ref: 646)
spam,Earn $5000 a week working from home with zero experience needed! Click link to start Code: 6954
ham,"I'll be home late tonight, don't wait up for dinner. (Ref: 332)"
spam,Hot singles in your area are waiting for you! Click here to chat now completely free. Code: 5242
ham,"Just checked the code changes, everything looks good to merge. (Ref: 345)"
ham,"Hey, are we still meeting for lunch today at 1 pm? (Ref: 371)"
ham,"I'll be home late tonight, don't wait up for dinner. (Ref: 615)"
ham,"Just checked the code changes, everything looks good to merge. (Ref: 495)"
ham,"I'm stuck in traffic, will be there in about 15 minutes. (Ref: 695)"
ham,Did you see the latest news update regarding the project policy? (Ref: 244)
ham,"I'll be home late tonight, don't wait up for dinner. (Ref: 227)"
spam,FINAL NOTICE: Your bank account has been locked. Verify your credentials now at http://secure-bank-login.com Code: 6370
spam,Double your Bitcoin in 24 hours! Guaranteed returns on crypto investment. Deposit now. Code: 2218
spam,URGENT! You have won a $1000 Walmart gift card! Claim now at http://bit.ly/claim-prize Code: 3198
ham,"Hey, are we still meeting for lunch today at 1 pm? (Ref: 723)"
ham,Can you please send me the updated project report when you get a chance? (Ref: 323)
ham,"I'll be home late tonight, don't wait up for dinner. (Ref: 276)"
ham,The team meeting has been rescheduled to Thursday at 10 AM. (Ref: 953)
spam,FINAL NOTICE: Your bank account has been locked. Verify your credentials now at http://secure-bank-login.com Code: 8214
ham,"I'll be home late tonight, don't wait up for dinner. (Ref: 758)"
ham,Happy birthday! Hope you have a wonderful day ahead. (Ref: 472)
ham,"Just checked the code changes, everything looks good to merge. (Ref: 502)"
ham,Don't forget to submit the assignment before midnight. (Ref: 565)
ham,Let's catch up over coffee this weekend. (Ref: 472)
ham,Could you pick up some groceries on your way back from work? (Ref: 182)
ham,Let's catch up over coffee this weekend. (Ref: 784)
spam,WINNER! Guarantee 1000 cash or $2000 gift certificate. Call 09061701461 to claim your reward. Code: 5873
spam,Congratulations! You are selected for a free iPhone 15 Pro. Reply WIN to claim immediately. Code: 8291
ham,Could you pick up some groceries on your way back from work? (Ref: 875)
ham,Did you see the latest news update regarding the project policy? (Ref: 291)
spam,Hot singles in your area are waiting for you! Click here to chat now completely free. Code: 2796
ham,Please find attached the receipt for your recent purchase. (Ref: 765)
ham,Could you pick up some groceries on your way back from work? (Ref: 524)
ham,Did you see the latest news update regarding the project policy? (Ref: 860)
ham,Call me when you are free to discuss the budget allocation. (Ref: 185)
ham,"I'll be home late tonight, don't wait up for dinner. (Ref: 854)"
ham,"Just checked the code changes, everything looks good to merge. (Ref: 601)"
ham,"I'll be home late tonight, don't wait up for dinner. (Ref: 352)"
ham,Can you please send me the updated project report when you get a chance? (Ref: 892)
ham,"I'm stuck in traffic, will be there in about 15 minutes. (Ref: 835)"
ham,Did you see the latest news update regarding the project policy? (Ref: 477)
ham,"I'll be home late tonight, don't wait up for dinner. (Ref: 291)"
ham,Don't forget to submit the assignment before midnight. (Ref: 198)
ham,Can you please send me the updated project report when you get a chance? (Ref: 297)
ham,Let's catch up over coffee this weekend. (Ref: 317)
ham,"Hey, are we still meeting for lunch today at 1 pm? (Ref: 631)"
spam,Exclusive offer: Get 90% off on designer watches and sunglasses today only! Visit http://cheap-luxury.shop Code: 9038
ham,"Just checked the code changes, everything looks good to merge. (Ref: 534)"
ham,Happy birthday! Hope you have a wonderful day ahead. (Ref: 519)
ham,"I'm stuck in traffic, will be there in about 15 minutes. (Ref: 100)"
ham,Thanks for your help with the presentation yesterday! (Ref: 110)
ham,"Just checked the code changes, everything looks good to merge. (Ref: 212)"
ham,Please find attached the receipt for your recent purchase. (Ref: 146)
ham,Thanks for your help with the presentation yesterday! (Ref: 322)
ham,"Just checked the code changes, everything looks good to merge. (Ref: 559)"
ham,"Hey, are we still meeting for lunch today at 1 pm? (Ref: 239)"
ham,Call me when you are free to discuss the budget allocation. (Ref: 535)
ham,Happy birthday! Hope you have a wonderful day ahead. (Ref: 435)
ham,"Just checked the code changes, everything looks good to merge. (Ref: 194)"
ham,Could you pick up some groceries on your way back from work? (Ref: 145)
spam,URGENT! You have won a $1000 Walmart gift card! Claim now at http://bit.ly/claim-prize Code: 2750
ham,Did you see the latest news update regarding the project policy? (Ref: 473)
ham,Did you see the latest news update regarding the project policy? (Ref: 744)
ham,Let's catch up over coffee this weekend. (Ref: 281)
ham,Don't forget to submit the assignment before midnight. (Ref: 136)
ham,Thanks for your help with the presentation yesterday! (Ref: 212)
ham,Don't forget to submit the assignment before midnight. (Ref: 521)
ham,Happy birthday! Hope you have a wonderful day ahead. (Ref: 216)
ham,Did you see the latest news update regarding the project policy? (Ref: 220)
spam,WINNER! Guarantee 1000 cash or $2000 gift certificate. Call 09061701461 to claim your reward. Code: 4241
ham,Could you pick up some groceries on your way back from work? (Ref: 653)
spam,WINNER! Guarantee 1000 cash or $2000 gift certificate. Call 09061701461 to claim your reward. Code: 8312
ham,Happy birthday! Hope you have a wonderful day ahead. (Ref: 519)
ham,Let's catch up over coffee this weekend. (Ref: 205)
spam,Hot singles in your area are waiting for you! Click here to chat now completely free. Code: 3983
ham,"Hey, are we still meeting for lunch today at 1 pm? (Ref: 491)"
ham,Please find attached the receipt for your recent purchase. (Ref: 803)
ham,Don't forget to submit the assignment before midnight. (Ref: 724)
ham,"Hey, are we still meeting for lunch today at 1 pm? (Ref: 193)"
ham,Did you see the latest news update regarding the project policy? (Ref: 248)
ham,Happy birthday! Hope you have a wonderful day ahead. (Ref: 941)
ham,Happy birthday! Hope you have a wonderful day ahead. (Ref: 222)
ham,Please find attached the receipt for your recent purchase. (Ref: 928)
ham,The team meeting has been rescheduled to Thursday at 10 AM. (Ref: 372)
ham,Let's catch up over coffee this weekend. (Ref: 665)
ham,The team meeting has been rescheduled to Thursday at 10 AM. (Ref: 823)
ham,Did you see the latest news update regarding the project policy? (Ref: 397)
ham,Don't forget to submit the assignment before midnight. (Ref: 918)
spam,ALERT: Your package delivery is pending due to unpaid customs fee of $2.99. Pay now at http://track-package-delivery.info Code: 6232
ham,Thanks for your help with the presentation yesterday! (Ref: 900)
ham,What time does the movie start tonight? (Ref: 618)
spam,Double your Bitcoin in 24 hours! Guaranteed returns on crypto investment. Deposit now. Code: 7122
ham,"Hey, are we still meeting for lunch today at 1 pm? (Ref: 101)"
ham,Please find attached the receipt for your recent purchase. (Ref: 229)
ham,Let's catch up over coffee this weekend. (Ref: 829)
ham,"Just checked the code changes, everything looks good to merge. (Ref: 108)"
ham,"Just checked the code changes, everything looks good to merge. (Ref: 558)"
ham,The team meeting has been rescheduled to Thursday at 10 AM. (Ref: 902)
ham,What time does the movie start tonight? (Ref: 870)
ham,Call me when you are free to discuss the budget allocation. (Ref: 140)
spam,Earn $5000 a week working from home with zero experience needed! Click link to start Code: 5361
spam,URGENT! You have won a $1000 Walmart gift card! Claim now at http://bit.ly/claim-prize Code: 4186
ham,Happy birthday! Hope you have a wonderful day ahead. (Ref: 492)
ham,"Hey, are we still meeting for lunch today at 1 pm? (Ref: 866)"
spam,Hot singles in your area are waiting for you! Click here to chat now completely free. Code: 7612
ham,Did you see the latest news update regarding the project policy? (Ref: 953)
ham,Happy birthday! Hope you have a wonderful day ahead. (Ref: 448)
spam,"Get loan up to $50,000 with 0% interest instantly! No credit check required. Reply APPLY Code: 8486"
ham,"Just checked the code changes, everything looks good to merge. (Ref: 924)"
ham,Happy birthday! Hope you have a wonderful day ahead. (Ref: 180)
spam,Free entry in 2 a wk weekly competition to win $500 cash! Text WIN to 80082 today. Code: 2040
spam,Congratulations! You are selected for a free iPhone 15 Pro. Reply WIN to claim immediately. Code: 6797
ham,"I'm stuck in traffic, will be there in about 15 minutes. (Ref: 572)"
ham,"I'm stuck in traffic, will be there in about 15 minutes. (Ref: 180)"
ham,"Hey, are we still meeting for lunch today at 1 pm? (Ref: 217)"
ham,Thanks for your help with the presentation yesterday! (Ref: 897)
ham,Please find attached the receipt for your recent purchase. (Ref: 245)
ham,Please find attached the receipt for your recent purchase. (Ref: 437)
ham,Call me when you are free to discuss the budget allocation. (Ref: 190)
ham,Let's catch up over coffee this weekend. (Ref: 775)
spam,Double your Bitcoin in 24 hours! Guaranteed returns on crypto investment. Deposit now. Code: 5757
spam,WINNER! Guarantee 1000 cash or $2000 gift certificate. Call 09061701461 to claim your reward. Code: 6043
ham,"I'm stuck in traffic, will be there in about 15 minutes. (Ref: 662)"
ham,Could you pick up some groceries on your way back from work? (Ref: 162)
ham,Could you pick up some groceries on your way back from work? (Ref: 150)
ham,Call me when you are free to discuss the budget allocation. (Ref: 282)
ham,"I'm stuck in traffic, will be there in about 15 minutes. (Ref: 603)"
ham,Could you pick up some groceries on your way back from work? (Ref: 616)
spam,Free entry in 2 a wk weekly competition to win $500 cash! Text WIN to 80082 today. Code: 6690
ham,Call me when you are free to discuss the budget allocation. (Ref: 295)
ham,Did you see the latest news update regarding the project policy? (Ref: 915)
ham,Call me when you are free to discuss the budget allocation. (Ref: 521)
ham,Let's catch up over coffee this weekend. (Ref: 641)
spam,URGENT! You have won a $1000 Walmart gift card! Claim now at http://bit.ly/claim-prize Code: 9056
spam,ALERT: Your package delivery is pending due to unpaid customs fee of $2.99. Pay now at http://track-package-delivery.info Code: 4462
ham,Don't forget to submit the assignment before midnight. (Ref: 363)
spam,Earn $5000 a week working from home with zero experience needed! Click link to start Code: 8368
ham,"Just checked the code changes, everything looks good to merge. (Ref: 168)"
ham,Call me when you are free to discuss the budget allocation. (Ref: 278)
spam,Hot singles in your area are waiting for you! Click here to chat now completely free. Code: 9646
ham,"I'll be home late tonight, don't wait up for dinner. (Ref: 180)"
ham,The team meeting has been rescheduled to Thursday at 10 AM. (Ref: 839)
ham,The team meeting has been rescheduled to Thursday at 10 AM. (Ref: 660)
ham,Call me when you are free to discuss the budget allocation. (Ref: 914)
ham,"Hey, are we still meeting for lunch today at 1 pm? (Ref: 184)"
ham,"I'm stuck in traffic, will be there in about 15 minutes. (Ref: 798)"
ham,Did you see the latest news update regarding the project policy? (Ref: 612)
ham,Let's catch up over coffee this weekend. (Ref: 817)
ham,Don't forget to submit the assignment before midnight. (Ref: 561)
ham,The team meeting has been rescheduled to Thursday at 10 AM. (Ref: 256)
ham,Don't forget to submit the assignment before midnight. (Ref: 749)
ham,Happy birthday! Hope you have a wonderful day ahead. (Ref: 919)
ham,"Hey, are we still meeting for lunch today at 1 pm? (Ref: 850)"
ham,The team meeting has been rescheduled to Thursday at 10 AM. (Ref: 441)
ham,"Hey, are we still meeting for lunch today at 1 pm? (Ref: 794)"
ham,Don't forget to submit the assignment before midnight. (Ref: 914)
ham,Let's catch up over coffee this weekend. (Ref: 157)
ham,Let's catch up over coffee this weekend. (Ref: 513)
ham,What time does the movie start tonight? (Ref: 203)
ham,Did you see the latest news update regarding the project policy? (Ref: 483)
spam,URGENT! You have won a $1000 Walmart gift card! Claim now at http://bit.ly/claim-prize Code: 6913
ham,"Just checked the code changes, everything looks good to merge. (Ref: 103)"
ham,"I'll be home late tonight, don't wait up for dinner. (Ref: 799)"
ham,"Just checked the code changes, everything looks good to merge. (Ref: 850)"
spam,You have 1 unread urgent voice message. Call 08712400657 to retrieve your audio note now. Code: 3808
ham,Can you please send me the updated project report when you get a chance? (Ref: 687)
ham,"Hey, are we still meeting for lunch today at 1 pm? (Ref: 744)"
ham,Could you pick up some groceries on your way back from work? (Ref: 225)
ham,"I'm stuck in traffic, will be there in about 15 minutes. (Ref: 238)"
ham,"I'll be home late tonight, don't wait up for dinner. (Ref: 503)"
ham,"I'm stuck in traffic, will be there in about 15 minutes. (Ref: 231)"
ham,Call me when you are free to discuss the budget allocation. (Ref: 674)
ham,Thanks for your help with the presentation yesterday! (Ref: 124)
spam,Hot singles in your area are waiting for you! Click here to chat now completely free. Code: 3421
ham,Don't forget to submit the assignment before midnight. (Ref: 128)
ham,Can you please send me the updated project report when you get a chance? (Ref: 250)
ham,Happy birthday! Hope you have a wonderful day ahead. (Ref: 611)
ham,Did you see the latest news update regarding the project policy? (Ref: 967)
spam,Earn $5000 a week working from home with zero experience needed! Click link to start Code: 9007
ham,Happy birthday! Hope you have a wonderful day ahead. (Ref: 394)
ham,Don't forget to submit the assignment before midnight. (Ref: 250)
ham,Thanks for your help with the presentation yesterday! (Ref: 575)
ham,Let's catch up over coffee this weekend. (Ref: 234)
ham,"Hey, are we still meeting for lunch today at 1 pm? (Ref: 476)"
ham,Happy birthday! Hope you have a wonderful day ahead. (Ref: 414)
spam,FINAL NOTICE: Your bank account has been locked. Verify your credentials now at http://secure-bank-login.com Code: 5311
ham,Happy birthday! Hope you have a wonderful day ahead. (Ref: 269)
ham,Could you pick up some groceries on your way back from work? (Ref: 656)
ham,"Just checked the code changes, everything looks good to merge. (Ref: 732)"
ham,"I'm stuck in traffic, will be there in about 15 minutes. (Ref: 604)"
ham,Can you please send me the updated project report when you get a chance? (Ref: 873)
ham,The team meeting has been rescheduled to Thursday at 10 AM. (Ref: 549)
ham,Please find attached the receipt for your recent purchase. (Ref: 752)
ham,"I'll be home late tonight, don't wait up for dinner. (Ref: 674)"
spam,Congratulations! You are selected for a free iPhone 15 Pro. Reply WIN to claim immediately. Code: 1824
ham,Did you see the latest news update regarding the project policy? (Ref: 114)
ham,"I'm stuck in traffic, will be there in about 15 minutes. (Ref: 517)"
spam,FINAL NOTICE: Your bank account has been locked. Verify your credentials now at http://secure-bank-login.com Code: 8059
spam,Exclusive offer: Get 90% off on designer watches and sunglasses today only! Visit http://cheap-luxury.shop Code: 2828
spam,Exclusive offer: Get 90% off on designer watches and sunglasses today only! Visit http://cheap-luxury.shop Code: 4845
ham,"Just checked the code changes, everything looks good to merge. (Ref: 545)"
ham,Let's catch up over coffee this weekend. (Ref: 694)
ham,Happy birthday! Hope you have a wonderful day ahead. (Ref: 328)
ham,Thanks for your help with the presentation yesterday! (Ref: 195)
ham,Can you please send me the updated project report when you get a chance? (Ref: 443)
ham,Please find attached the receipt for your recent purchase. (Ref: 932)
ham,Happy birthday! Hope you have a wonderful day ahead. (Ref: 459)
ham,Happy birthday! Hope you have a wonderful day ahead. (Ref: 487)
ham,Thanks for your help with the presentation yesterday! (Ref: 661)
ham,Let's catch up over coffee this weekend. (Ref: 706)
ham,Could you pick up some groceries on your way back from work? (Ref: 723)
ham,"Hey, are we still meeting for lunch today at 1 pm? (Ref: 153)"
spam,Earn $5000 a week working from home with zero experience needed! Click link to start Code: 6387
ham,Can you please send me the updated project report when you get a chance? (Ref: 542)
spam,Exclusive offer: Get 90% off on designer watches and sunglasses today only! Visit http://cheap-luxury.shop Code: 7320
ham,Please find attached the receipt for your recent purchase. (Ref: 259)
ham,"Just checked the code changes, everything looks good to merge. (Ref: 863)"
ham,Happy birthday! Hope you have a wonderful day ahead. (Ref: 772)
ham,Could you pick up some groceries on your way back from work? (Ref: 415)
ham,"I'll be home late tonight, don't wait up for dinner. (Ref: 447)"
spam,Exclusive offer: Get 90% off on designer watches and sunglasses today only! Visit http://cheap-luxury.shop Code: 1338
spam,Hot singles in your area are waiting for you! Click here to chat now completely free. Code: 4157
ham,"I'll be home late tonight, don't wait up for dinner. (Ref: 297)"
ham,Happy birthday! Hope you have a wonderful day ahead. (Ref: 153)
ham,"I'll be home late tonight, don't wait up for dinner. (Ref: 747)"
spam,Earn $5000 a week working from home with zero experience needed! Click link to start Code: 9190
spam,"Get loan up to $50,000 with 0% interest instantly! No credit check required. Reply APPLY Code: 1943"
spam,Double your Bitcoin in 24 hours! Guaranteed returns on crypto investment. Deposit now. Code: 2312
ham,Thanks for your help with the presentation yesterday! (Ref: 114)
ham,"Just checked the code changes, everything looks good to merge. (Ref: 942)"
spam,Exclusive offer: Get 90% off on designer watches and sunglasses today only! Visit http://cheap-luxury.shop Code: 1317
spam,Double your Bitcoin in 24 hours! Guaranteed returns on crypto investment. Deposit now. Code: 4600
ham,"I'm stuck in traffic, will be there in about 15 minutes. (Ref: 224)"
ham,Can you please send me the updated project report when you get a chance? (Ref: 160)
ham,Please find attached the receipt for your recent purchase. (Ref: 701)
ham,"Hey, are we still meeting for lunch today at 1 pm? (Ref: 559)"
ham,Let's catch up over coffee this weekend. (Ref: 934)
spam,You have 1 unread urgent voice message. Call 08712400657 to retrieve your audio note now. Code: 6588
ham,Don't forget to submit the assignment before midnight. (Ref: 706)
ham,Happy birthday! Hope you have a wonderful day ahead. (Ref: 727)
spam,Exclusive offer: Get 90% off on designer watches and sunglasses today only! Visit http://cheap-luxury.shop Code: 2007
ham,Did you see the latest news update regarding the project policy? (Ref: 289)
ham,The team meeting has been rescheduled to Thursday at 10 AM. (Ref: 966)
ham,The team meeting has been rescheduled to Thursday at 10 AM. (Ref: 848)
spam,ALERT: Your package delivery is pending due to unpaid customs fee of $2.99. Pay now at http://track-package-delivery.info Code: 9363
ham,Can you please send me the updated project report when you get a chance? (Ref: 592)
ham,The team meeting has been rescheduled to Thursday at 10 AM. (Ref: 404)
ham,Could you pick up some groceries on your way back from work? (Ref: 348)
spam,You have 1 unread urgent voice message. Call 08712400657 to retrieve your audio note now. Code: 3969
ham,What time does the movie start tonight? (Ref: 464)
ham,Did you see the latest news update regarding the project policy? (Ref: 100)
ham,Call me when you are free to discuss the budget allocation. (Ref: 340)
ham,"Hey, are we still meeting for lunch today at 1 pm? (Ref: 107)"
ham,"Just checked the code changes, everything looks good to merge. (Ref: 598)"
ham,Happy birthday! Hope you have a wonderful day ahead. (Ref: 125)
ham,Could you pick up some groceries on your way back from work? (Ref: 733)
spam,"Get loan up to $50,000 with 0% interest instantly! No credit check required. Reply APPLY Code: 2333"
ham,Don't forget to submit the assignment before midnight. (Ref: 665)
ham,Please find attached the receipt for your recent purchase. (Ref: 870)
ham,The team meeting has been rescheduled to Thursday at 10 AM. (Ref: 939)
ham,Please find attached the receipt for your recent purchase. (Ref: 561)
ham,Let's catch up over coffee this weekend. (Ref: 968)
ham,"I'm stuck in traffic, will be there in about 15 minutes. (Ref: 437)"
ham,"I'll be home late tonight, don't wait up for dinner. (Ref: 922)"
ham,"Just checked the code changes, everything looks good to merge. (Ref: 589)"
ham,Please find attached the receipt for your recent purchase. (Ref: 871)
ham,What time does the movie start tonight? (Ref: 555)
spam,Earn $5000 a week working from home with zero experience needed! Click link to start Code: 5675
ham,"Just checked the code changes, everything looks good to merge. (Ref: 534)"
spam,Hot singles in your area are waiting for you! Click here to chat now completely free. Code: 8141
ham,Can you please send me the updated project report when you get a chance? (Ref: 722)
ham,"I'm stuck in traffic, will be there in about 15 minutes. (Ref: 596)"
ham,"I'll be home late tonight, don't wait up for dinner. (Ref: 458)"
ham,Did you see the latest news update regarding the project policy? (Ref: 484)
ham,What time does the movie start tonight? (Ref: 933)
ham,Did you see the latest news update regarding the project policy? (Ref: 152)
spam,FINAL NOTICE: Your bank account has been locked. Verify your credentials now at http://secure-bank-login.com Code: 8009
spam,"Get loan up to $50,000 with 0% interest instantly! No credit check required. Reply APPLY Code: 5435"
ham,Thanks for your help with the presentation yesterday! (Ref: 950)
ham,Thanks for your help with the presentation yesterday! (Ref: 873)
ham,Thanks for your help with the presentation yesterday! (Ref: 921)
ham,"I'll be home late tonight, don't wait up for dinner. (Ref: 647)"
ham,Thanks for your help with the presentation yesterday! (Ref: 603)
spam,Double your Bitcoin in 24 hours! Guaranteed returns on crypto investment. Deposit now. Code: 8813
spam,Hot singles in your area are waiting for you! Click here to chat now completely free. Code: 8643
ham,"I'm stuck in traffic, will be there in about 15 minutes. (Ref: 519)"
ham,"Just checked the code changes, everything looks good to merge. (Ref: 543)"
ham,Could you pick up some groceries on your way back from work? (Ref: 747)
ham,"Hey, are we still meeting for lunch today at 1 pm? (Ref: 324)"
ham,Don't forget to submit the assignment before midnight. (Ref: 650)
ham,"Just checked the code changes, everything looks good to merge. (Ref: 512)"
spam,Earn $5000 a week working from home with zero experience needed! Click link to start Code: 5286
ham,What time does the movie start tonight? (Ref: 610)
ham,Happy birthday! Hope you have a wonderful day ahead. (Ref: 332)
spam,Hot singles in your area are waiting for you! Click here to chat now completely free. Code: 7722
ham,Could you pick up some groceries on your way back from work? (Ref: 369)
ham,Don't forget to submit the assignment before midnight. (Ref: 879)
spam,Exclusive offer: Get 90% off on designer watches and sunglasses today only! Visit http://cheap-luxury.shop Code: 8827
ham,Call me when you are free to discuss the budget allocation. (Ref: 935)
ham,"Hey, are we still meeting for lunch today at 1 pm? (Ref: 560)"
ham,Call me when you are free to discuss the budget allocation. (Ref: 316)
ham,What time does the movie start tonight? (Ref: 509)
ham,Happy birthday! Hope you have a wonderful day ahead. (Ref: 789)
ham,"Just checked the code changes, everything looks good to merge. (Ref: 158)"
spam,You have 1 unread urgent voice message. Call 08712400657 to retrieve your audio note now. Code: 2387
spam,Exclusive offer: Get 90% off on designer watches and sunglasses today only! Visit http://cheap-luxury.shop Code: 3538
spam,WINNER! Guarantee 1000 cash or $2000 gift certificate. Call 09061701461 to claim your reward. Code: 6619
ham,"I'll be home late tonight, don't wait up for dinner. (Ref: 138)"
ham,Please find attached the receipt for your recent purchase. (Ref: 771)
ham,The team meeting has been rescheduled to Thursday at 10 AM. (Ref: 293)
ham,Let's catch up over coffee this weekend. (Ref: 554)
ham,"I'll be home late tonight, don't wait up for dinner. (Ref: 915)"
ham,Could you pick up some groceries on your way back from work? (Ref: 924)
spam,FINAL NOTICE: Your bank account has been locked. Verify your credentials now at http://secure-bank-login.com Code: 3074
ham,Could you pick up some groceries on your way back from work? (Ref: 188)
spam,Exclusive offer: Get 90% off on designer watches and sunglasses today only! Visit http://cheap-luxury.shop Code: 2990
spam,Double your Bitcoin in 24 hours! Guaranteed returns on crypto investment. Deposit now. Code: 2639
ham,Thanks for your help with the presentation yesterday! (Ref: 863)
ham,"I'm stuck in traffic, will be there in about 15 minutes. (Ref: 217)"
ham,Don't forget to submit the assignment before midnight. (Ref: 809)
ham,Happy birthday! Hope you have a wonderful day ahead. (Ref: 982)
ham,Thanks for your help with the presentation yesterday! (Ref: 412)
ham,Please find attached the receipt for your recent purchase. (Ref: 847)
ham,Could you pick up some groceries on your way back from work? (Ref: 663)
ham,"Hey, are we still meeting for lunch today at 1 pm? (Ref: 790)"
ham,"I'll be home late tonight, don't wait up for dinner. (Ref: 764)"
ham,Please find attached the receipt for your recent purchase. (Ref: 939)
spam,URGENT! You have won a $1000 Walmart gift card! Claim now at http://bit.ly/claim-prize Code: 2704
ham,"I'll be home late tonight, don't wait up for dinner. (Ref: 819)"
ham,Thanks for your help with the presentation yesterday! (Ref: 844)
ham,Did you see the latest news update regarding the project policy? (Ref: 745)
ham,"I'm stuck in traffic, will be there in about 15 minutes. (Ref: 449)"
ham,"Just checked the code changes, everything looks good to merge. (Ref: 724)"
ham,"I'm stuck in traffic, will be there in about 15 minutes. (Ref: 552)"
spam,URGENT! You have won a $1000 Walmart gift card! Claim now at http://bit.ly/claim-prize Code: 1966
ham,"I'm stuck in traffic, will be there in about 15 minutes. (Ref: 941)"
ham,Let's catch up over coffee this weekend. (Ref: 455)
ham,Did you see the latest news update regarding the project policy? (Ref: 768)
spam,Double your Bitcoin in 24 hours! Guaranteed returns on crypto investment. Deposit now. Code: 2136
ham,Call me when you are free to discuss the budget allocation. (Ref: 205)
spam,FINAL NOTICE: Your bank account has been locked. Verify your credentials now at http://secure-bank-login.com Code: 6352
ham,What time does the movie start tonight? (Ref: 205)
spam,Exclusive offer: Get 90% off on designer watches and sunglasses today only! Visit http://cheap-luxury.shop Code: 2771
ham,"I'll be home late tonight, don't wait up for dinner. (Ref: 247)"
spam,Free entry in 2 a wk weekly competition to win $500 cash! Text WIN to 80082 today. Code: 8101
ham,"I'm stuck in traffic, will be there in about 15 minutes. (Ref: 751)"
ham,Could you pick up some groceries on your way back from work? (Ref: 121)
ham,"I'm stuck in traffic, will be there in about 15 minutes. (Ref: 434)"
ham,Can you please send me the updated project report when you get a chance? (Ref: 829)
spam,WINNER! Guarantee 1000 cash or $2000 gift certificate. Call 09061701461 to claim your reward. Code: 6150
spam,Exclusive offer: Get 90% off on designer watches and sunglasses today only! Visit http://cheap-luxury.shop Code: 9194
ham,"Hey, are we still meeting for lunch today at 1 pm? (Ref: 434)"
spam,You have 1 unread urgent voice message. Call 08712400657 to retrieve your audio note now. Code: 9228
ham,Don't forget to submit the assignment before midnight. (Ref: 664)
ham,The team meeting has been rescheduled to Thursday at 10 AM. (Ref: 740)
ham,Could you pick up some groceries on your way back from work? (Ref: 240)
spam,Double your Bitcoin in 24 hours! Guaranteed returns on crypto investment. Deposit now. Code: 4993
ham,Did you see the latest news update regarding the project policy? (Ref: 352)
ham,Thanks for your help with the presentation yesterday! (Ref: 931)
spam,ALERT: Your package delivery is pending due to unpaid customs fee of $2.99. Pay now at http://track-package-delivery.info Code: 5036
ham,Could you pick up some groceries on your way back from work? (Ref: 835)
spam,Hot singles in your area are waiting for you! Click here to chat now completely free. Code: 6295
ham,Please find attached the receipt for your recent purchase. (Ref: 332)
ham,Could you pick up some groceries on your way back from work? (Ref: 834)
ham,Let's catch up over coffee this weekend. (Ref: 466)
spam,Double your Bitcoin in 24 hours! Guaranteed returns on crypto investment. Deposit now. Code: 3604
ham,Don't forget to submit the assignment before midnight. (Ref: 583)
ham,"Just checked the code changes, everything looks good to merge. (Ref: 894)"
spam,Double your Bitcoin in 24 hours! Guaranteed returns on crypto investment. Deposit now. Code: 3469
spam,Free entry in 2 a wk weekly competition to win $500 cash! Text WIN to 80082 today. Code: 2762
ham,Thanks for your help with the presentation yesterday! (Ref: 943)
spam,Hot singles in your area are waiting for you! Click here to chat now completely free. Code: 4850
ham,"I'm stuck in traffic, will be there in about 15 minutes. (Ref: 376)"
spam,Congratulations! You are selected for a free iPhone 15 Pro. Reply WIN to claim immediately. Code: 2524
spam,ALERT: Your package delivery is pending due to unpaid customs fee of $2.99. Pay now at http://track-package-delivery.info Code: 3322
ham,Call me when you are free to discuss the budget allocation. (Ref: 306)
spam,Hot singles in your area are waiting for you! Click here to chat now completely free. Code: 1556
spam,Double your Bitcoin in 24 hours! Guaranteed returns on crypto investment. Deposit now. Code: 5263
ham,Could you pick up some groceries on your way back from work? (Ref: 138)
spam,ALERT: Your package delivery is pending due to unpaid customs fee of $2.99. Pay now at http://track-package-delivery.info Code: 7150
ham,"Just checked the code changes, everything looks good to merge. (Ref: 572)"
spam,Hot singles in your area are waiting for you! Click here to chat now completely free. Code: 1271
ham,What time does the movie start tonight? (Ref: 563)
spam,Free entry in 2 a wk weekly competition to win $500 cash! Text WIN to 80082 today. Code: 4594
spam,FINAL NOTICE: Your bank account has been locked. Verify your credentials now at http://secure-bank-login.com Code: 5569
spam,Free entry in 2 a wk weekly competition to win $500 cash! Text WIN to 80082 today. Code: 4572
ham,The team meeting has been rescheduled to Thursday at 10 AM. (Ref: 330)
ham,Don't forget to submit the assignment before midnight. (Ref: 260)
ham,Please find attached the receipt for your recent purchase. (Ref: 649)
ham,Let's catch up over coffee this weekend. (Ref: 677)
ham,What time does the movie start tonight? (Ref: 157)
ham,"Hey, are we still meeting for lunch today at 1 pm? (Ref: 508)"
spam,Double your Bitcoin in 24 hours! Guaranteed returns on crypto investment. Deposit now. Code: 9609
ham,Thanks for your help with the presentation yesterday! (Ref: 493)
spam,ALERT: Your package delivery is pending due to unpaid customs fee of $2.99. Pay now at http://track-package-delivery.info Code: 1054
ham,What time does the movie start tonight? (Ref: 964)
ham,"I'm stuck in traffic, will be there in about 15 minutes. (Ref: 776)"
ham,"I'm stuck in traffic, will be there in about 15 minutes. (Ref: 826)"
ham,Let's catch up over coffee this weekend. (Ref: 286)
ham,"I'll be home late tonight, don't wait up for dinner. (Ref: 544)"
spam,Earn $5000 a week working from home with zero experience needed! Click link to start Code: 8490
ham,Don't forget to submit the assignment before midnight. (Ref: 897)
ham,"Just checked the code changes, everything looks good to merge. (Ref: 972)"
spam,Free entry in 2 a wk weekly competition to win $500 cash! Text WIN to 80082 today. Code: 9378
spam,FINAL NOTICE: Your bank account has been locked. Verify your credentials now at http://secure-bank-login.com Code: 9533
ham,Thanks for your help with the presentation yesterday! (Ref: 971)
spam,Earn $5000 a week working from home with zero experience needed! Click link to start Code: 8083
ham,Can you please send me the updated project report when you get a chance? (Ref: 439)
ham,Please find attached the receipt for your recent purchase. (Ref: 657)
ham,Don't forget to submit the assignment before midnight. (Ref: 475)
ham,Can you please send me the updated project report when you get a chance? (Ref: 899)
ham,Could you pick up some groceries on your way back from work? (Ref: 531)
ham,Did you see the latest news update regarding the project policy? (Ref: 343)
ham,Did you see the latest news update regarding the project policy? (Ref: 849)
ham,"I'll be home late tonight, don't wait up for dinner. (Ref: 272)"
ham,What time does the movie start tonight? (Ref: 878)
spam,URGENT! You have won a $1000 Walmart gift card! Claim now at http://bit.ly/claim-prize Code: 8693
ham,Did you see the latest news update regarding the project policy? (Ref: 153)
ham,"I'll be home late tonight, don't wait up for dinner. (Ref: 642)"
ham,The team meeting has been rescheduled to Thursday at 10 AM. (Ref: 384)
ham,Did you see the latest news update regarding the project policy? (Ref: 460)
ham,"Hey, are we still meeting for lunch today at 1 pm? (Ref: 300)"
spam,ALERT: Your package delivery is pending due to unpaid customs fee of $2.99. Pay now at http://track-package-delivery.info Code: 4054
ham,Please find attached the receipt for your recent purchase. (Ref: 267)
spam,Congratulations! You are selected for a free iPhone 15 Pro. Reply WIN to claim immediately. Code: 2466
ham,"Just checked the code changes, everything looks good to merge. (Ref: 172)"
spam,Congratulations! You are selected for a free iPhone 15 Pro. Reply WIN to claim immediately. Code: 2500
ham,"I'm stuck in traffic, will be there in about 15 minutes. (Ref: 548)"
ham,Don't forget to submit the assignment before midnight. (Ref: 983)
ham,What time does the movie start tonight? (Ref: 379)
ham,The team meeting has been rescheduled to Thursday at 10 AM. (Ref: 722)
spam,You have 1 unread urgent voice message. Call 08712400657 to retrieve your audio note now. Code: 1936
ham,What time does the movie start tonight? (Ref: 666)
ham,Don't forget to submit the assignment before midnight. (Ref: 369)
ham,"I'll be home late tonight, don't wait up for dinner. (Ref: 788)"
ham,What time does the movie start tonight? (Ref: 164)
ham,"Hey, are we still meeting for lunch today at 1 pm? (Ref: 516)"
ham,"I'll be home late tonight, don't wait up for dinner. (Ref: 252)"
ham,What time does the movie start tonight? (Ref: 771)
spam,Congratulations! You are selected for a free iPhone 15 Pro. Reply WIN to claim immediately. Code: 1153
ham,Call me when you are free to discuss the budget allocation. (Ref: 236)
ham,Call me when you are free to discuss the budget allocation. (Ref: 302)
spam,WINNER! Guarantee 1000 cash or $2000 gift certificate. Call 09061701461 to claim your reward. Code: 2591
ham,"I'll be home late tonight, don't wait up for dinner. (Ref: 500)"
ham,Call me when you are free to discuss the budget allocation. (Ref: 998)
ham,Call me when you are free to discuss the budget allocation. (Ref: 445)
ham,What time does the movie start tonight? (Ref: 960)
ham,Please find attached the receipt for your recent purchase. (Ref: 231)
ham,Happy birthday! Hope you have a wonderful day ahead. (Ref: 926)
ham,Thanks for your help with the presentation yesterday! (Ref: 353)
ham,"I'm stuck in traffic, will be there in about 15 minutes. (Ref: 137)"
ham,Happy birthday! Hope you have a wonderful day ahead. (Ref: 457)
ham,Thanks for your help with the presentation yesterday! (Ref: 784)
ham,Call me when you are free to discuss the budget allocation. (Ref: 100)
spam,URGENT! You have won a $1000 Walmart gift card! Claim now at http://bit.ly/claim-prize Code: 7402
spam,"Get loan up to $50,000 with 0% interest instantly! No credit check required. Reply APPLY Code: 2759"
spam,Double your Bitcoin in 24 hours! Guaranteed returns on crypto investment. Deposit now. Code: 8206
spam,You have 1 unread urgent voice message. Call 08712400657 to retrieve your audio note now. Code: 4629
spam,Congratulations! You are selected for a free iPhone 15 Pro. Reply WIN to claim immediately. Code: 4294
ham,Call me when you are free to discuss the budget allocation. (Ref: 485)
ham,Happy birthday! Hope you have a wonderful day ahead. (Ref: 109)
ham,Let's catch up over coffee this weekend. (Ref: 514)
spam,Exclusive offer: Get 90% off on designer watches and sunglasses today only! Visit http://cheap-luxury.shop Code: 9519
spam,Exclusive offer: Get 90% off on designer watches and sunglasses today only! Visit http://cheap-luxury.shop Code: 8186
ham,Don't forget to submit the assignment before midnight. (Ref: 445)
spam,Hot singles in your area are waiting for you! Click here to chat now completely free. Code: 4760
ham,The team meeting has been rescheduled to Thursday at 10 AM. (Ref: 136)
ham,Can you please send me the updated project report when you get a chance? (Ref: 695)
spam,Exclusive offer: Get 90% off on designer watches and sunglasses today only! Visit http://cheap-luxury.shop Code: 3033
spam,Double your Bitcoin in 24 hours! Guaranteed returns on crypto investment. Deposit now. Code: 5971
spam,FINAL NOTICE: Your bank account has been locked. Verify your credentials now at http://secure-bank-login.com Code: 2279
spam,Earn $5000 a week working from home with zero experience needed! Click link to start Code: 5494
ham,Let's catch up over coffee this weekend. (Ref: 744)
spam,FINAL NOTICE: Your bank account has been locked. Verify your credentials now at http://secure-bank-login.com Code: 6319
spam,URGENT! You have won a $1000 Walmart gift card! Claim now at http://bit.ly/claim-prize Code: 4432
ham,Could you pick up some groceries on your way back from work? (Ref: 591)
spam,"Get loan up to $50,000 with 0% interest instantly! No credit check required. Reply APPLY Code: 8561"
ham,What time does the movie start tonight? (Ref: 405)
ham,Don't forget to submit the assignment before midnight. (Ref: 202)
spam,Double your Bitcoin in 24 hours! Guaranteed returns on crypto investment. Deposit now. Code: 3541
ham,Happy birthday! Hope you have a wonderful day ahead. (Ref: 221)
ham,Can you please send me the updated project report when you get a chance? (Ref: 367)
ham,"I'm stuck in traffic, will be there in about 15 minutes. (Ref: 324)"
ham,Call me when you are free to discuss the budget allocation. (Ref: 388)
ham,"I'm stuck in traffic, will be there in about 15 minutes. (Ref: 891)"
spam,ALERT: Your package delivery is pending due to unpaid customs fee of $2.99. Pay now at http://track-package-delivery.info Code: 2341
ham,Did you see the latest news update regarding the project policy? (Ref: 763)
ham,"I'll be home late tonight, don't wait up for dinner. (Ref: 736)"
ham,The team meeting has been rescheduled to Thursday at 10 AM. (Ref: 990)
spam,Exclusive offer: Get 90% off on designer watches and sunglasses today only! Visit http://cheap-luxury.shop Code: 8009
spam,Exclusive offer: Get 90% off on designer watches and sunglasses today only! Visit http://cheap-luxury.shop Code: 8679
ham,Can you please send me the updated project report when you get a chance? (Ref: 387)
spam,FINAL NOTICE: Your bank account has been locked. Verify your credentials now at http://secure-bank-login.com Code: 4310
ham,Did you see the latest news update regarding the project policy? (Ref: 602)
ham,Call me when you are free to discuss the budget allocation. (Ref: 357)
ham,"Hey, are we still meeting for lunch today at 1 pm? (Ref: 680)"
ham,Can you please send me the updated project report when you get a chance? (Ref: 319)
spam,Exclusive offer: Get 90% off on designer watches and sunglasses today only! Visit http://cheap-luxury.shop Code: 7640
ham,Could you pick up some groceries on your way back from work? (Ref: 910)
ham,"Hey, are we still meeting for lunch today at 1 pm? (Ref: 980)"
ham,What time does the movie start tonight? (Ref: 413)
ham,Don't forget to submit the assignment before midnight. (Ref: 765)
ham,"I'll be home late tonight, don't wait up for dinner. (Ref: 823)"
ham,What time does the movie start tonight? (Ref: 904)
ham,Call me when you are free to discuss the budget allocation. (Ref: 226)
ham,The team meeting has been rescheduled to Thursday at 10 AM. (Ref: 138)
ham,Can you please send me the updated project report when you get a chance? (Ref: 850)
ham,"Hey, are we still meeting for lunch today at 1 pm? (Ref: 215)"
spam,ALERT: Your package delivery is pending due to unpaid customs fee of $2.99. Pay now at http://track-package-delivery.info Code: 4020
spam,URGENT! You have won a $1000 Walmart gift card! Claim now at http://bit.ly/claim-prize Code: 3573
ham,The team meeting has been rescheduled to Thursday at 10 AM. (Ref: 198)
ham,Happy birthday! Hope you have a wonderful day ahead. (Ref: 291)
ham,"I'm stuck in traffic, will be there in about 15 minutes. (Ref: 677)"
ham,Let's catch up over coffee this weekend. (Ref: 997)
spam,Hot singles in your area are waiting for you! Click here to chat now completely free. Code: 6084
spam,FINAL NOTICE: Your bank account has been locked. Verify your credentials now at http://secure-bank-login.com Code: 4564
spam,"Get loan up to $50,000 with 0% interest instantly! No credit check required. Reply APPLY Code: 4810"
ham,What time does the movie start tonight? (Ref: 673)
spam,Earn $5000 a week working from home with zero experience needed! Click link to start Code: 3343
spam,WINNER! Guarantee 1000 cash or $2000 gift certificate. Call 09061701461 to claim your reward. Code: 5566
ham,"Just checked the code changes, everything looks good to merge. (Ref: 649)"
spam,Exclusive offer: Get 90% off on designer watches and sunglasses today only! Visit http://cheap-luxury.shop Code: 5853
ham,Please find attached the receipt for your recent purchase. (Ref: 436)
spam,WINNER! Guarantee 1000 cash or $2000 gift certificate. Call 09061701461 to claim your reward. Code: 3745
ham,The team meeting has been rescheduled to Thursday at 10 AM. (Ref: 730)
spam,You have 1 unread urgent voice message. Call 08712400657 to retrieve your audio note now. Code: 9966
ham,Don't forget to submit the assignment before midnight. (Ref: 317)
ham,Could you pick up some groceries on your way back from work? (Ref: 966)
ham,Did you see the latest news update regarding the project policy? (Ref: 327)
ham,The team meeting has been rescheduled to Thursday at 10 AM. (Ref: 739)
ham,Happy birthday! Hope you have a wonderful day ahead. (Ref: 168)
ham,Could you pick up some groceries on your way back from work? (Ref: 664)
ham,"I'll be home late tonight, don't wait up for dinner. (Ref: 888)"
ham,"Hey, are we still meeting for lunch today at 1 pm? (Ref: 403)"
ham,"I'll be home late tonight, don't wait up for dinner. (Ref: 646)"
spam,You have 1 unread urgent voice message. Call 08712400657 to retrieve your audio note now. Code: 1614
spam,Earn $5000 a week working from home with zero experience needed! Click link to start Code: 1060
spam,FINAL NOTICE: Your bank account has been locked. Verify your credentials now at http://secure-bank-login.com Code: 7212
spam,Hot singles in your area are waiting for you! Click here to chat now completely free. Code: 2290
ham,Call me when you are free to discuss the budget allocation. (Ref: 868)
ham,Thanks for your help with the presentation yesterday! (Ref: 833)
ham,What time does the movie start tonight? (Ref: 625)
ham,Call me when you are free to discuss the budget allocation. (Ref: 576)
ham,The team meeting has been rescheduled to Thursday at 10 AM. (Ref: 301)
ham,Could you pick up some groceries on your way back from work? (Ref: 905)
ham,Please find attached the receipt for your recent purchase. (Ref: 510)
ham,"Just checked the code changes, everything looks good to merge. (Ref: 976)"
ham,What time does the movie start tonight? (Ref: 338)
spam,Free entry in 2 a wk weekly competition to win $500 cash! Text WIN to 80082 today. Code: 4042
ham,"Just checked the code changes, everything looks good to merge. (Ref: 325)"
ham,Could you pick up some groceries on your way back from work? (Ref: 293)
spam,Congratulations! You are selected for a free iPhone 15 Pro. Reply WIN to claim immediately. Code: 7150
ham,What time does the movie start tonight? (Ref: 599)
spam,"Get loan up to $50,000 with 0% interest instantly! No credit check required. Reply APPLY Code: 3482"
spam,Exclusive offer: Get 90% off on designer watches and sunglasses today only! Visit http://cheap-luxury.shop Code: 6408
ham,Don't forget to submit the assignment before midnight. (Ref: 617)
ham,Call me when you are free to discuss the budget allocation. (Ref: 221)
spam,WINNER! Guarantee 1000 cash or $2000 gift certificate. Call 09061701461 to claim your reward. Code: 3079
ham,"Hey, are we still meeting for lunch today at 1 pm? (Ref: 418)"
spam,You have 1 unread urgent voice message. Call 08712400657 to retrieve your audio note now. Code: 8274
ham,Thanks for your help with the presentation yesterday! (Ref: 322)
ham,"Hey, are we still meeting for lunch today at 1 pm? (Ref: 930)"
ham,The team meeting has been rescheduled to Thursday at 10 AM. (Ref: 623)
ham,Happy birthday! Hope you have a wonderful day ahead. (Ref: 904)
ham,Happy birthday! Hope you have a wonderful day ahead. (Ref: 653)
ham,Did you see the latest news update regarding the project policy? (Ref: 270)
spam,"Get loan up to $50,000 with 0% interest instantly! No credit check required. Reply APPLY Code: 5491"
ham,Could you pick up some groceries on your way back from work? (Ref: 703)
ham,Let's catch up over coffee this weekend. (Ref: 373)
ham,Could you pick up some groceries on your way back from work? (Ref: 957)
ham,Did you see the latest news update regarding the project policy? (Ref: 402)
ham,Please find attached the receipt for your recent purchase. (Ref: 802)
ham,The team meeting has been rescheduled to Thursday at 10 AM. (Ref: 415)
spam,You have 1 unread urgent voice message. Call 08712400657 to retrieve your audio note now. Code: 7305
spam,Hot singles in your area are waiting for you! Click here to chat now completely free. Code: 6490
ham,What time does the movie start tonight? (Ref: 474)
ham,Can you please send me the updated project report when you get a chance? (Ref: 741)
ham,The team meeting has been rescheduled to Thursday at 10 AM. (Ref: 230)
spam,You have 1 unread urgent voice message. Call 08712400657 to retrieve your audio note now. Code: 5806
ham,What time does the movie start tonight? (Ref: 669)
ham,"Hey, are we still meeting for lunch today at 1 pm? (Ref: 587)"
spam,WINNER! Guarantee 1000 cash or $2000 gift certificate. Call 09061701461 to claim your reward. Code: 7645
ham,Could you pick up some groceries on your way back from work? (Ref: 285)
ham,The team meeting has been rescheduled to Thursday at 10 AM. (Ref: 587)
ham,Did you see the latest news update regarding the project policy? (Ref: 607)
ham,Did you see the latest news update regarding the project policy? (Ref: 764)
ham,The team meeting has been rescheduled to Thursday at 10 AM. (Ref: 894)
ham,Happy birthday! Hope you have a wonderful day ahead. (Ref: 468)
ham,Let's catch up over coffee this weekend. (Ref: 488)
ham,"I'll be home late tonight, don't wait up for dinner. (Ref: 737)"
ham,Did you see the latest news update regarding the project policy? (Ref: 912)
ham,"Hey, are we still meeting for lunch today at 1 pm? (Ref: 709)"
ham,"I'm stuck in traffic, will be there in about 15 minutes. (Ref: 194)"
ham,Let's catch up over coffee this weekend. (Ref: 609)
spam,Congratulations! You are selected for a free iPhone 15 Pro. Reply WIN to claim immediately. Code: 9780
ham,Thanks for your help with the presentation yesterday! (Ref: 237)
spam,URGENT! You have won a $1000 Walmart gift card! Claim now at http://bit.ly/claim-prize Code: 3866
spam,WINNER! Guarantee 1000 cash or $2000 gift certificate. Call 09061701461 to claim your reward. Code: 3383
ham,Call me when you are free to discuss the budget allocation. (Ref: 620)
spam,"Get loan up to $50,000 with 0% interest instantly! No credit check required. Reply APPLY Code: 5223"
ham,Let's catch up over coffee this weekend. (Ref: 376)
ham,Could you pick up some groceries on your way back from work? (Ref: 610)
ham,Happy birthday! Hope you have a wonderful day ahead. (Ref: 134)
ham,Call me when you are free to discuss the budget allocation. (Ref: 253)
ham,Call me when you are free to discuss the budget allocation. (Ref: 497)
ham,Please find attached the receipt for your recent purchase. (Ref: 995)
spam,ALERT: Your package delivery is pending due to unpaid customs fee of $2.99. Pay now at http://track-package-delivery.info Code: 6182
ham,Please find attached the receipt for your recent purchase. (Ref: 145)
spam,Free entry in 2 a wk weekly competition to win $500 cash! Text WIN to 80082 today. Code: 6619
ham,Did you see the latest news update regarding the project policy? (Ref: 555)
spam,Earn $5000 a week working from home with zero experience needed! Click link to start Code: 9044
ham,"I'll be home late tonight, don't wait up for dinner. (Ref: 716)"
ham,"Just checked the code changes, everything looks good to merge. (Ref: 905)"
ham,Happy birthday! Hope you have a wonderful day ahead. (Ref: 309)
ham,Thanks for your help with the presentation yesterday! (Ref: 232)
ham,Could you pick up some groceries on your way back from work? (Ref: 755)
ham,Did you see the latest news update regarding the project policy? (Ref: 256)
ham,Call me when you are free to discuss the budget allocation. (Ref: 242)
ham,Happy birthday! Hope you have a wonderful day ahead. (Ref: 226)
ham,Don't forget to submit the assignment before midnight. (Ref: 218)
ham,"I'll be home late tonight, don't wait up for dinner. (Ref: 355)"
spam,ALERT: Your package delivery is pending due to unpaid customs fee of $2.99. Pay now at http://track-package-delivery.info Code: 9954
spam,Earn $5000 a week working from home with zero experience needed! Click link to start Code: 3599
spam,WINNER! Guarantee 1000 cash or $2000 gift certificate. Call 09061701461 to claim your reward. Code: 4549
ham,Please find attached the receipt for your recent purchase. (Ref: 983)
ham,What time does the movie start tonight? (Ref: 849)
ham,Happy birthday! Hope you have a wonderful day ahead. (Ref: 740)
ham,"Just checked the code changes, everything looks good to merge. (Ref: 930)"
ham,The team meeting has been rescheduled to Thursday at 10 AM. (Ref: 150)
ham,Thanks for your help with the presentation yesterday! (Ref: 169)
ham,Happy birthday! Hope you have a wonderful day ahead. (Ref: 360)
ham,"Hey, are we still meeting for lunch today at 1 pm? (Ref: 808)"
spam,You have 1 unread urgent voice message. Call 08712400657 to retrieve your audio note now. Code: 9996
spam,Congratulations! You are selected for a free iPhone 15 Pro. Reply WIN to claim immediately. Code: 1768
ham,"I'm stuck in traffic, will be there in about 15 minutes. (Ref: 745)"
ham,Call me when you are free to discuss the budget allocation. (Ref: 177)
ham,"I'm stuck in traffic, will be there in about 15 minutes. (Ref: 752)"
ham,Please find attached the receipt for your recent purchase. (Ref: 370)
spam,Earn $5000 a week working from home with zero experience needed! Click link to start Code: 2913
spam,ALERT: Your package delivery is pending due to unpaid customs fee of $2.99. Pay now at http://track-package-delivery.info Code: 5543
ham,Did you see the latest news update regarding the project policy? (Ref: 402)
ham,Let's catch up over coffee this weekend. (Ref: 971)
ham,Happy birthday! Hope you have a wonderful day ahead. (Ref: 382)
ham,Could you pick up some groceries on your way back from work? (Ref: 876)
spam,WINNER! Guarantee 1000 cash or $2000 gift certificate. Call 09061701461 to claim your reward. Code: 5926
ham,Let's catch up over coffee this weekend. (Ref: 837)
ham,Don't forget to submit the assignment before midnight. (Ref: 775)
ham,What time does the movie start tonight? (Ref: 693)
ham,The team meeting has been rescheduled to Thursday at 10 AM. (Ref: 554)
ham,Let's catch up over coffee this weekend. (Ref: 560)
ham,Could you pick up some groceries on your way back from work? (Ref: 600)
spam,"Get loan up to $50,000 with 0% interest instantly! No credit check required. Reply APPLY Code: 9230"
ham,Could you pick up some groceries on your way back from work? (Ref: 127)
ham,Thanks for your help with the presentation yesterday! (Ref: 493)
spam,Free entry in 2 a wk weekly competition to win $500 cash! Text WIN to 80082 today. Code: 7016
ham,Could you pick up some groceries on your way back from work? (Ref: 858)
ham,What time does the movie start tonight? (Ref: 485)
ham,Please find attached the receipt for your recent purchase. (Ref: 615)
ham,The team meeting has been rescheduled to Thursday at 10 AM. (Ref: 388)
ham,"Hey, are we still meeting for lunch today at 1 pm? (Ref: 352)"
ham,Please find attached the receipt for your recent purchase. (Ref: 469)
ham,Let's catch up over coffee this weekend. (Ref: 243)
spam,You have 1 unread urgent voice message. Call 08712400657 to retrieve your audio note now. Code: 5124
spam,FINAL NOTICE: Your bank account has been locked. Verify your credentials now at http://secure-bank-login.com Code: 3752
ham,Call me when you are free to discuss the budget allocation. (Ref: 518)
spam,FINAL NOTICE: Your bank account has been locked. Verify your credentials now at http://secure-bank-login.com Code: 2301
ham,"I'm stuck in traffic, will be there in about 15 minutes. (Ref: 556)"
spam,Earn $5000 a week working from home with zero experience needed! Click link to start Code: 3064
ham,Don't forget to submit the assignment before midnight. (Ref: 952)
spam,Congratulations! You are selected for a free iPhone 15 Pro. Reply WIN to claim immediately. Code: 7136
ham,Can you please send me the updated project report when you get a chance? (Ref: 507)
ham,Happy birthday! Hope you have a wonderful day ahead. (Ref: 485)
spam,Earn $5000 a week working from home with zero experience needed! Click link to start Code: 7609
ham,Did you see the latest news update regarding the project policy? (Ref: 155)
ham,"Hey, are we still meeting for lunch today at 1 pm? (Ref: 577)"
ham,Can you please send me the updated project report when you get a chance? (Ref: 921)
spam,Exclusive offer: Get 90% off on designer watches and sunglasses today only! Visit http://cheap-luxury.shop Code: 1832
ham,Please find attached the receipt for your recent purchase. (Ref: 315)
ham,What time does the movie start tonight? (Ref: 575)
ham,What time does the movie start tonight? (Ref: 678)
ham,Can you please send me the updated project report when you get a chance? (Ref: 949)
ham,Happy birthday! Hope you have a wonderful day ahead. (Ref: 316)
ham,Don't forget to submit the assignment before midnight. (Ref: 922)
ham,Please find attached the receipt for your recent purchase. (Ref: 791)
spam,URGENT! You have won a $1000 Walmart gift card! Claim now at http://bit.ly/claim-prize Code: 6760
ham,The team meeting has been rescheduled to Thursday at 10 AM. (Ref: 701)
ham,Let's catch up over coffee this weekend. (Ref: 453)
ham,Let's catch up over coffee this weekend. (Ref: 799)
ham,"I'll be home late tonight, don't wait up for dinner. (Ref: 541)"
ham,"I'm stuck in traffic, will be there in about 15 minutes. (Ref: 341)"
ham,Call me when you are free to discuss the budget allocation. (Ref: 437)
ham,"Hey, are we still meeting for lunch today at 1 pm? (Ref: 219)"
spam,URGENT! You have won a $1000 Walmart gift card! Claim now at http://bit.ly/claim-prize Code: 6233
ham,Please find attached the receipt for your recent purchase. (Ref: 780)
ham,Let's catch up over coffee this weekend. (Ref: 108)
spam,Free entry in 2 a wk weekly competition to win $500 cash! Text WIN to 80082 today. Code: 1804
ham,Happy birthday! Hope you have a wonderful day ahead. (Ref: 928)
ham,Did you see the latest news update regarding the project policy? (Ref: 171)
ham,The team meeting has been rescheduled to Thursday at 10 AM. (Ref: 376)
spam,URGENT! You have won a $1000 Walmart gift card! Claim now at http://bit.ly/claim-prize Code: 5524
ham,Could you pick up some groceries on your way back from work? (Ref: 621)
ham,"I'll be home late tonight, don't wait up for dinner. (Ref: 824)"
ham,"I'll be home late tonight, don't wait up for dinner. (Ref: 212)"
ham,"I'll be home late tonight, don't wait up for dinner. (Ref: 478)"
spam,Exclusive offer: Get 90% off on designer watches and sunglasses today only! Visit http://cheap-luxury.shop Code: 3708
ham,Please find attached the receipt for your recent purchase. (Ref: 135)
ham,"I'll be home late tonight, don't wait up for dinner. (Ref: 495)"
ham,"I'm stuck in traffic, will be there in about 15 minutes. (Ref: 970)"
ham,Could you pick up some groceries on your way back from work? (Ref: 923)
ham,"I'm stuck in traffic, will be there in about 15 minutes. (Ref: 997)"
ham,"Hey, are we still meeting for lunch today at 1 pm? (Ref: 271)"
ham,"Just checked the code changes, everything looks good to merge. (Ref: 952)"
ham,Could you pick up some groceries on your way back from work? (Ref: 783)
ham,Thanks for your help with the presentation yesterday! (Ref: 831)
ham,Did you see the latest news update regarding the project policy? (Ref: 781)
ham,Thanks for your help with the presentation yesterday! (Ref: 795)
ham,"Hey, are we still meeting for lunch today at 1 pm? (Ref: 478)"
ham,Let's catch up over coffee this weekend. (Ref: 127)
ham,"I'm stuck in traffic, will be there in about 15 minutes. (Ref: 146)"
spam,WINNER! Guarantee 1000 cash or $2000 gift certificate. Call 09061701461 to claim your reward. Code: 2252
ham,What time does the movie start tonight? (Ref: 358)
ham,"I'll be home late tonight, don't wait up for dinner. (Ref: 185)"
